provider,state,county,facility_id,facility_name,phone,in_state,per_min
securus,AK,,4660,AK DOC - ANCHORAGE CORRECTIONAL COMPLEX/EAST (ANCHORAGE JAIL),8015381000,FALSE,0.085
securus,AK,,4660,AK DOC - ANCHORAGE CORRECTIONAL COMPLEX/EAST (ANCHORAGE JAIL),9074653500,TRUE,0.085
securus,AK,,5138,AK DOC - ANCHORAGE CORRECTIONAL COMPLEX/WEST,9074653500,TRUE,0.085
securus,AK,,5138,AK DOC - ANCHORAGE CORRECTIONAL COMPLEX/WEST,8015381000,FALSE,0.085
securus,AK,,5139,AK DOC - ANVIL MOUNTAIN CORRECTIONAL CENTER,9074653500,TRUE,0.085
securus,AK,,5139,AK DOC - ANVIL MOUNTAIN CORRECTIONAL CENTER,8015381000,FALSE,0.085
securus,AK,,5137,AK DOC - FAIRBANKS CORRECTIONAL CENTER,9074653500,TRUE,0.085
securus,AK,,5137,AK DOC - FAIRBANKS CORRECTIONAL CENTER,8015381000,FALSE,0.085
securus,AK,,9075,AK DOC - GOOSE CREEK CORRECTIONAL CENTER,9074653500,TRUE,0.085
securus,AK,,9075,AK DOC - GOOSE CREEK CORRECTIONAL CENTER,8015381000,FALSE,0.085
securus,AK,,5136,AK DOC - HILAND MOUNTAIN CORRECTIONAL CENTER,9074653500,TRUE,0.085
securus,AK,,5136,AK DOC - HILAND MOUNTAIN CORRECTIONAL CENTER,8015381000,FALSE,0.085
securus,AK,,5129,AK DOC - KETCHIKAN CORRECTIONAL CENTER,9074653500,TRUE,0.085
securus,AK,,5129,AK DOC - KETCHIKAN CORRECTIONAL CENTER,8015381000,FALSE,0.085
securus,AK,,5135,AK DOC - LEMON CREEK CORRECTIONAL CENTER,9074653500,TRUE,0.085
securus,AK,,5135,AK DOC - LEMON CREEK CORRECTIONAL CENTER,8015381000,FALSE,0.085
securus,AK,,5134,AK DOC - MAT-SU PRETRIAL FACILITY,9074653500,TRUE,0.085
securus,AK,,5134,AK DOC - MAT-SU PRETRIAL FACILITY,8015381000,FALSE,0.085
securus,AK,,5133,AK DOC - PALMER CORRECTIONAL CENTER,9074653500,TRUE,0.085
securus,AK,,5133,AK DOC - PALMER CORRECTIONAL CENTER,8015381000,FALSE,0.085
securus,AK,,4745,AK DOC - POINT MACKENZIE CORRECTIONAL FARM,9074653500,TRUE,0.085
securus,AK,,4745,AK DOC - POINT MACKENZIE CORRECTIONAL FARM,8015381000,FALSE,0.085
securus,AK,,5132,AK DOC - SPRING CREEK CORRECTIONAL CENTER,9074653500,TRUE,0.085
securus,AK,,5132,AK DOC - SPRING CREEK CORRECTIONAL CENTER,8015381000,FALSE,0.085
securus,AK,,5130,AK DOC - WILDWOOD CORRECTIONAL COMPLEX,9074653500,TRUE,0.085
securus,AK,,5130,AK DOC - WILDWOOD CORRECTIONAL COMPLEX,8015381000,FALSE,0.085
securus,AK,,5131,AK DOC - YUKON KUSKOKWIM CORRECTIONAL CENTER,9074653500,TRUE,0.085
securus,AK,,5131,AK DOC - YUKON KUSKOKWIM CORRECTIONAL CENTER,8015381000,FALSE,0.085
securus,AL,,57027,AL DOC - ALEXANDER CITY COMMUNITY WORK CENTER/RELEASE,3342427100,TRUE,0.06
securus,AL,,57027,AL DOC - ALEXANDER CITY COMMUNITY WORK CENTER/RELEASE,4109743901,FALSE,0.06
securus,AL,,57001,AL DOC - BIBB COUNTY CORRECTIONAL FACILITY,3342427100,TRUE,0.06
securus,AL,,57001,AL DOC - BIBB COUNTY CORRECTIONAL FACILITY,4109743901,FALSE,0.06
securus,AL,,57020,AL DOC - BIRMINGHAM COMMUNITY WORK CENTER/RELEASE,3342427100,TRUE,0.06
securus,AL,,57020,AL DOC - BIRMINGHAM COMMUNITY WORK CENTER/RELEASE,4109743901,FALSE,0.06
securus,AL,,57010,AL DOC - BULLOCK  CORRECTIONAL FACILITY,4109743901,FALSE,0.06
securus,AL,,57010,AL DOC - BULLOCK  CORRECTIONAL FACILITY,3342427100,TRUE,0.06
securus,AL,,57031,AL DOC - BULLOCK MENTAL HEALTH UNIT,4109743901,FALSE,0.06
securus,AL,,57031,AL DOC - BULLOCK MENTAL HEALTH UNIT,3342427100,TRUE,0.06
securus,AL,,57033,AL DOC - CAMDEN COMMUNITY WORK CENTER/RELEASE,3342427100,TRUE,0.06
securus,AL,,57033,AL DOC - CAMDEN COMMUNITY WORK CENTER/RELEASE,4109743901,FALSE,0.06
securus,AL,,57026,AL DOC - CHILDERSBURG COMMUNITY WORK RELEASE & REHABILITATION CENTER,3342427100,TRUE,0.06
securus,AL,,57026,AL DOC - CHILDERSBURG COMMUNITY WORK RELEASE & REHABILITATION CENTER,4109743901,FALSE,0.06
securus,AL,,57003,AL DOC - DRAPER CORRECTIONAL CENTER,4109743901,FALSE,0.06
securus,AL,,57003,AL DOC - DRAPER CORRECTIONAL CENTER,3342427100,TRUE,0.06
securus,AL,,57013,AL DOC - EASTERLING CORRECTIONAL FACILITY,3342427100,TRUE,0.06
securus,AL,,57013,AL DOC - EASTERLING CORRECTIONAL FACILITY,4109743901,FALSE,0.06
securus,AL,,57032,AL DOC - ELBA COMMUNITY WORK RELEASE/CENTER,3342427100,TRUE,0.06
securus,AL,,57032,AL DOC - ELBA COMMUNITY WORK RELEASE/CENTER,4109743901,FALSE,0.06
securus,AL,,57004,AL DOC - ELMORE CORRECTIONAL CENTER,3342427100,TRUE,0.06
securus,AL,,57004,AL DOC - ELMORE CORRECTIONAL CENTER,4109743901,FALSE,0.06
securus,AL,,57014,AL DOC - FRANK LEE YOUTH CENTER,3342427100,TRUE,0.06
securus,AL,,57014,AL DOC - FRANK LEE YOUTH CENTER,4109743901,FALSE,0.06
securus,AL,,57009,AL DOC - G K FOUNTAIN/J O DAVIS CORRECTIONAL FACILTY,3342427100,TRUE,0.06
securus,AL,,57009,AL DOC - G K FOUNTAIN/J O DAVIS CORRECTIONAL FACILTY,4109743901,FALSE,0.06
securus,AL,,57018,AL DOC - HAMILTON AGED AND INFIRMED CENTER,3342427100,TRUE,0.06
securus,AL,,57018,AL DOC - HAMILTON AGED AND INFIRMED CENTER,4109743901,FALSE,0.06
securus,AL,,57024,AL DOC - HAMILTON COMMUNITY WORK RELEASE/CENTER,3342427100,TRUE,0.06
securus,AL,,57024,AL DOC - HAMILTON COMMUNITY WORK RELEASE/CENTER,4109743901,FALSE,0.06
securus,AL,,57008,AL DOC - JULIA TUTWILER PRISON FOR WOMEN,4109743901,FALSE,0.06
securus,AL,,57008,AL DOC - JULIA TUTWILER PRISON FOR WOMEN,3342427100,TRUE,0.06
securus,AL,,9902,AL DOC - JULIA TUTWILER WOMEN'S PRISON / ANNEX,3342427100,TRUE,0.06
securus,AL,,9902,AL DOC - JULIA TUTWILER WOMEN'S PRISON / ANNEX,4109743901,FALSE,0.06
securus,AL,,57016,AL DOC - KILBY CORRECTIONAL FACILITY,3342427100,TRUE,0.06
securus,AL,,57016,AL DOC - KILBY CORRECTIONAL FACILITY,4109743901,FALSE,0.06
securus,AL,,57006,AL DOC - LIMESTONE CORRECTIONAL FACILITY,3342427100,TRUE,0.06
securus,AL,,57006,AL DOC - LIMESTONE CORRECTIONAL FACILITY,4109743901,FALSE,0.06
securus,AL,,57023,AL DOC - LOXLEY COMMUNITY WORK RELEASE,3342427100,TRUE,0.06
securus,AL,,57023,AL DOC - LOXLEY COMMUNITY WORK RELEASE,4109743901,FALSE,0.06
securus,AL,,57028,AL DOC - MOBILE COMMUNITY WORK RELEASE/CENTER,4109743901,FALSE,0.06
securus,AL,,57028,AL DOC - MOBILE COMMUNITY WORK RELEASE/CENTER,3342427100,TRUE,0.06
securus,AL,,57030,AL DOC - MONTGOMERY WOMENS COMMUNITY BASED FACILITY,3342427100,TRUE,0.06
securus,AL,,57030,AL DOC - MONTGOMERY WOMENS COMMUNITY BASED FACILITY,4109743901,FALSE,0.06
securus,AL,,57025,AL DOC - NORTH ALABAMA COMMUNITY WORK RELEASE CENTER,3342427100,TRUE,0.06
securus,AL,,57025,AL DOC - NORTH ALABAMA COMMUNITY WORK RELEASE CENTER,4109743901,FALSE,0.06
securus,AL,,57017,AL DOC - RED EAGLE HONOR FARM,3342427100,TRUE,0.06
securus,AL,,57017,AL DOC - RED EAGLE HONOR FARM,4109743901,FALSE,0.06
securus,AL,,57005,AL DOC - ST CLAIR CORRECTIONAL FACILITY,4109743901,FALSE,0.06
securus,AL,,57005,AL DOC - ST CLAIR CORRECTIONAL FACILITY,3342427100,TRUE,0.06
securus,AL,,57007,AL DOC - STATON CORRECTIONAL FACILITY,3342427100,TRUE,0.06
securus,AL,,57007,AL DOC - STATON CORRECTIONAL FACILITY,4109743901,FALSE,0.06
securus,AL,,57012,AL DOC - VENTRESS CORRECTIONAL FACILITY,3342427100,TRUE,0.06
securus,AL,,57012,AL DOC - VENTRESS CORRECTIONAL FACILITY,4109743901,FALSE,0.06
securus,AL,,57011,AL DOC - W C HOLMAN CORRECTIONAL FACILITY,3342427100,TRUE,0.06
securus,AL,,57011,AL DOC - W C HOLMAN CORRECTIONAL FACILITY,4109743901,FALSE,0.06
securus,AL,,57002,AL DOC - WILLIAM E DONALDSON CORRECTIONAL FACILITY,3342427100,TRUE,0.06
securus,AL,,57002,AL DOC - WILLIAM E DONALDSON CORRECTIONAL FACILITY,4109743901,FALSE,0.06
securus,AL,,1303,CHILTON COUNTY JAIL,3342427100,TRUE,0.21
securus,AL,,1303,CHILTON COUNTY JAIL,4109743901,FALSE,0.21
securus,AL,,1389,EUFAULA CITY JAIL,3342427100,TRUE,0.12
securus,AL,,1389,EUFAULA CITY JAIL,4109743901,FALSE,0.12
securus,AL,,1552,MONTGOMERY CITY JAIL,3342427100,TRUE,0.21
securus,AL,,1552,MONTGOMERY CITY JAIL,4109743901,FALSE,0.21
securus,AL,,504,MONTGOMERY CITY JAIL - FEDERAL INMATES,3342427100,TRUE,0.21
securus,AL,,504,MONTGOMERY CITY JAIL - FEDERAL INMATES,4109743901,FALSE,0.21
securus,AL,,6353,PERRY COUNTY JAIL,3342427100,TRUE,0.21
securus,AL,,6353,PERRY COUNTY JAIL,4109743901,FALSE,0.21
securus,AL,,5759,SHEFFIELD CITY JAIL,3342427100,TRUE,0.12
securus,AL,,5759,SHEFFIELD CITY JAIL,4109743901,FALSE,0.12
securus,AL,,1691,TENN VALLEY YOUTH DETENTION,3342427100,TRUE,0.21
securus,AL,,1691,TENN VALLEY YOUTH DETENTION,4109743901,FALSE,0.21
securus,AL,,2312,TUSCUMBIA CITY JAIL,3342427100,TRUE,0.12
securus,AL,,2312,TUSCUMBIA CITY JAIL,4109743901,FALSE,0.12
securus,AR,,9330,AR DOC - BENNY MAGNESS UNIT,5016822345,TRUE,0.06
securus,AR,,9330,AR DOC - BENNY MAGNESS UNIT,9198142000,FALSE,0.06
securus,AR,,9322,AR DOC - BENTON UNIT,5016822345,TRUE,0.06
securus,AR,,9322,AR DOC - BENTON UNIT,9198142000,FALSE,0.06
securus,AR,,9339,AR DOC - CENTRAL ARKANSAS COMMUNITY CORRECTION CENTER,5016822345,TRUE,0.06
securus,AR,,9339,AR DOC - CENTRAL ARKANSAS COMMUNITY CORRECTION CENTER,9198142000,FALSE,0.06
securus,AR,,9323,AR DOC - CUMMINS UNIT,5016822345,TRUE,0.06
securus,AR,,9323,AR DOC - CUMMINS UNIT,9198142000,FALSE,0.06
securus,AR,,9324,AR DOC - DELTA REGIONAL UNIT,5016822345,TRUE,0.06
securus,AR,,9324,AR DOC - DELTA REGIONAL UNIT,9198142000,FALSE,0.06
securus,AR,,11707,AR DOC - DR MARY L PARKER-REED WOMEN'S UNIT,9198142000,FALSE,0.06
securus,AR,,11707,AR DOC - DR MARY L PARKER-REED WOMEN'S UNIT,5016822345,TRUE,0.06
securus,AR,,9325,AR DOC - EAST ARKANSAS REGIONAL UNIT,5016822345,TRUE,0.06
securus,AR,,9325,AR DOC - EAST ARKANSAS REGIONAL UNIT,9198142000,FALSE,0.06
securus,AR,,13013,AR DOC - EAST CENTRAL ARKANSAS COMMUNITY CORRECTION CENTER,5016822345,TRUE,0.06
securus,AR,,13013,AR DOC - EAST CENTRAL ARKANSAS COMMUNITY CORRECTION CENTER,9198142000,FALSE,0.06
securus,AR,,7981,AR DOC - ESTER UNIT,5016822345,TRUE,0.06
securus,AR,,7981,AR DOC - ESTER UNIT,9198142000,FALSE,0.06
securus,AR,,9326,AR DOC - GRIMES UNIT,5016822345,TRUE,0.06
securus,AR,,9326,AR DOC - GRIMES UNIT,9198142000,FALSE,0.06
securus,AR,,9340,AR DOC - J AARON HAWKINS SR CENTER FOR WOMEN,5016822345,TRUE,0.06
securus,AR,,9340,AR DOC - J AARON HAWKINS SR CENTER FOR WOMEN,9198142000,FALSE,0.06
securus,AR,,9327,AR DOC - LARRY B NORRIS UNIT,5016822345,TRUE,0.06
securus,AR,,9327,AR DOC - LARRY B NORRIS UNIT,9198142000,FALSE,0.06
securus,AR,,9328,AR DOC - MCPHERSON UNIT,5016822345,TRUE,0.06
securus,AR,,9328,AR DOC - MCPHERSON UNIT,9198142000,FALSE,0.06
securus,AR,,9329,AR DOC - MISSISSIPPI COUNTY WORK RELEASE CENTER,5016822345,TRUE,0.06
securus,AR,,9329,AR DOC - MISSISSIPPI COUNTY WORK RELEASE CENTER,9198142000,FALSE,0.06
securus,AR,,9119,AR DOC - NE ARKANSAS COMMUNITY CORRECTION CENTER,5016822345,TRUE,0.06
securus,AR,,9119,AR DOC - NE ARKANSAS COMMUNITY CORRECTION CENTER,9198142000,FALSE,0.06
securus,AR,,77050,AR DOC - NW ARKANSAS COMMUNITY CORRECTION CENTER,5016822345,TRUE,0.06
securus,AR,,77050,AR DOC - NW ARKANSAS COMMUNITY CORRECTION CENTER,9198142000,FALSE,0.06
securus,AR,,9331,AR DOC - NW ARKANSAS WORK RELEASE CENTER,5016822345,TRUE,0.06
securus,AR,,9331,AR DOC - NW ARKANSAS WORK RELEASE CENTER,9198142000,FALSE,0.06
securus,AR,,7495,AR DOC - OMEGA TECHNICAL VIOLATOR CENTER,5016822345,TRUE,0.06
securus,AR,,7495,AR DOC - OMEGA TECHNICAL VIOLATOR CENTER,9198142000,FALSE,0.06
securus,AR,,9332,AR DOC - OUACHITA RIVER UNIT,5016822345,TRUE,0.06
securus,AR,,9332,AR DOC - OUACHITA RIVER UNIT,9198142000,FALSE,0.06
securus,AR,,11657,AR DOC - PHILLIPS COUNTY DETENTION CENTER,5016822345,TRUE,0.06
securus,AR,,11657,AR DOC - PHILLIPS COUNTY DETENTION CENTER,9198142000,FALSE,0.06
securus,AR,,9333,AR DOC - PINE BLUFF UNIT,5016822345,TRUE,0.06
securus,AR,,9333,AR DOC - PINE BLUFF UNIT,9198142000,FALSE,0.06
securus,AR,,7715,AR DOC - PINE BLUFF WORK RELEASE - FEMALE,5016822345,TRUE,0.06
securus,AR,,7715,AR DOC - PINE BLUFF WORK RELEASE - FEMALE,9198142000,FALSE,0.06
securus,AR,,9334,AR DOC - RANDALL L WILLIAMS FACILITY,5016822345,TRUE,0.06
securus,AR,,9334,AR DOC - RANDALL L WILLIAMS FACILITY,9198142000,FALSE,0.06
securus,AR,,9097,AR DOC - STATE POLICE BARRACKS,9198142000,FALSE,0.06
securus,AR,,9097,AR DOC - STATE POLICE BARRACKS,5016822345,TRUE,0.06
securus,AR,,7781,AR DOC - SW ARKANSAS COMMUNITY CORRECTION CENTER,5016822345,TRUE,0.06
securus,AR,,7781,AR DOC - SW ARKANSAS COMMUNITY CORRECTION CENTER,9198142000,FALSE,0.06
securus,AR,,9335,AR DOC - TEXARKANA REGION CORRECTION CENTER,5016822345,TRUE,0.06
securus,AR,,9335,AR DOC - TEXARKANA REGION CORRECTION CENTER,9198142000,FALSE,0.06
securus,AR,,7806,AR DOC - TUCKER RE-ENTRY CENTER,5016822345,TRUE,0.06
securus,AR,,7806,AR DOC - TUCKER RE-ENTRY CENTER,9198142000,FALSE,0.06
securus,AR,,9336,AR DOC - TUCKER UNIT,5016822345,TRUE,0.06
securus,AR,,9336,AR DOC - TUCKER UNIT,9198142000,FALSE,0.06
securus,AR,,9337,AR DOC - VARNER UNIT,5016822345,TRUE,0.06
securus,AR,,9337,AR DOC - VARNER UNIT,9198142000,FALSE,0.06
securus,AR,,11651,AR DOC - WHITE RIVER CORRECTIONAL CENTER,5016822345,TRUE,0.06
securus,AR,,11651,AR DOC - WHITE RIVER CORRECTIONAL CENTER,9198142000,FALSE,0.06
securus,AR,,9338,AR DOC - WRIGHTSVILLE UNIT,5016822345,TRUE,0.06
securus,AR,,9338,AR DOC - WRIGHTSVILLE UNIT,9198142000,FALSE,0.06
securus,AR,,8239,LAKE VILLAGE CITY JAIL,5016822345,TRUE,0.21
securus,AR,,8239,LAKE VILLAGE CITY JAIL,9198142000,FALSE,0.21
securus,AR,,6070,MISSISSIPPI COUNTY DETENTION CENTER,5016822345,TRUE,0.21
securus,AR,,6070,MISSISSIPPI COUNTY DETENTION CENTER,9198142000,FALSE,0.21
securus,AR,,722,OSCEOLA CRIMINAL JUSTICE CENTER,5016822345,TRUE,0.21
securus,AR,,722,OSCEOLA CRIMINAL JUSTICE CENTER,9198142000,FALSE,0.21
securus,AZ,,4239,AK-CHIN POLICE DEPT,6025424331,TRUE,0.12
securus,AZ,,4239,AK-CHIN POLICE DEPT,6082661212,FALSE,0.12
securus,AZ,,6320,APACHE COUNTY JAIL,6025424331,TRUE,0.21
securus,AZ,,6320,APACHE COUNTY JAIL,6082661212,FALSE,0.21
securus,AZ,,6322,AZ DOC - CENTRAL ARIZONA CORRECTIONAL FACILITY,6025424331,TRUE,0.06
securus,AZ,,6322,AZ DOC - CENTRAL ARIZONA CORRECTIONAL FACILITY,6082661212,FALSE,0.06
securus,AZ,,14043,AZ DOC - DOUGLAS,6025424331,TRUE,0.06
securus,AZ,,14043,AZ DOC - DOUGLAS,6082661212,FALSE,0.06
securus,AZ,,14048,AZ DOC - EYMAN BROWNING UNIT,6025424331,TRUE,0.06
securus,AZ,,14048,AZ DOC - EYMAN BROWNING UNIT,6082661212,FALSE,0.06
securus,AZ,,14038,AZ DOC - EYMAN COOK UNIT,6082661212,FALSE,0.06
securus,AZ,,14038,AZ DOC - EYMAN COOK UNIT,6025424331,TRUE,0.06
securus,AZ,,14039,AZ DOC - EYMAN MEADOWS UNIT,6025424331,TRUE,0.06
securus,AZ,,14039,AZ DOC - EYMAN MEADOWS UNIT,6082661212,FALSE,0.06
securus,AZ,,14037,AZ DOC - EYMAN RYNNING UNIT,6025424331,TRUE,0.06
securus,AZ,,14037,AZ DOC - EYMAN RYNNING UNIT,6082661212,FALSE,0.06
securus,AZ,,14035,AZ DOC - EYMAN SMU I UNIT,6025424331,TRUE,0.06
securus,AZ,,14035,AZ DOC - EYMAN SMU I UNIT,6082661212,FALSE,0.06
securus,AZ,,14029,AZ DOC - FLORENCE GLOBE,6025424331,TRUE,0.06
securus,AZ,,14029,AZ DOC - FLORENCE GLOBE,6082661212,FALSE,0.06
securus,AZ,,14033,AZ DOC - FLORENCE MAIN,6025424331,TRUE,0.06
securus,AZ,,14033,AZ DOC - FLORENCE MAIN,6082661212,FALSE,0.06
securus,AZ,,14054,AZ DOC - FLORENCE WEST,6025424331,TRUE,0.06
securus,AZ,,14054,AZ DOC - FLORENCE WEST,6082661212,FALSE,0.06
securus,AZ,,14072,AZ DOC - KINGMAN CORRECTIONAL,6025424331,TRUE,0.06
securus,AZ,,14072,AZ DOC - KINGMAN CORRECTIONAL,6082661212,FALSE,0.06
securus,AZ,,11529,AZ DOC - LA PALMA CORRECTIONAL CENTER,6025424331,TRUE,0.06
securus,AZ,,11529,AZ DOC - LA PALMA CORRECTIONAL CENTER,6082661212,FALSE,0.06
securus,AZ,,14047,AZ DOC - MARANA COMMUNITY TREATMENT CENTER,6025424331,TRUE,0.06
securus,AZ,,14047,AZ DOC - MARANA COMMUNITY TREATMENT CENTER,6082661212,FALSE,0.06
securus,AZ,,14042,AZ DOC - PERRYVILLE,6025424331,TRUE,0.06
securus,AZ,,14042,AZ DOC - PERRYVILLE,6082661212,FALSE,0.06
securus,AZ,,14027,AZ DOC - PHOENIX ALHAMBRA,6025424331,TRUE,0.06
securus,AZ,,14027,AZ DOC - PHOENIX ALHAMBRA,6082661212,FALSE,0.06
securus,AZ,,14049,AZ DOC - PHOENIX WEST,6025424331,TRUE,0.06
securus,AZ,,14049,AZ DOC - PHOENIX WEST,6082661212,FALSE,0.06
securus,AZ,,9095,AZ DOC - RED ROCK CORRECTIONAL CENTER/CCA,6025424331,TRUE,0.06
securus,AZ,,9095,AZ DOC - RED ROCK CORRECTIONAL CENTER/CCA,6082661212,FALSE,0.06
securus,AZ,,14031,AZ DOC - SAFFORD,6082661212,FALSE,0.06
securus,AZ,,14031,AZ DOC - SAFFORD,6025424331,TRUE,0.06
securus,AZ,,14046,AZ DOC - SAFFORD FORT GRANT,6025424331,TRUE,0.06
securus,AZ,,14046,AZ DOC - SAFFORD FORT GRANT,6082661212,FALSE,0.06
securus,AZ,,14057,AZ DOC - SAM LEWIS,6025424331,TRUE,0.06
securus,AZ,,14057,AZ DOC - SAM LEWIS,6082661212,FALSE,0.06
securus,AZ,,14036,AZ DOC - TUCSON,6025424331,TRUE,0.06
securus,AZ,,14036,AZ DOC - TUCSON,6082661212,FALSE,0.06
securus,AZ,,14045,AZ DOC - WINSLOW,6082661212,FALSE,0.06
securus,AZ,,14045,AZ DOC - WINSLOW,6025424331,TRUE,0.06
securus,AZ,,14040,AZ DOC - WINSLOW APACHE UNIT,6025424331,TRUE,0.06
securus,AZ,,14040,AZ DOC - WINSLOW APACHE UNIT,6082661212,FALSE,0.06
securus,AZ,,14052,AZ DOC - YUMA,6025424331,TRUE,0.06
securus,AZ,,14052,AZ DOC - YUMA,6082661212,FALSE,0.06
securus,AZ,,14071,COCHISE COUNTY MAIN JAIL,6025424331,TRUE,0.09
securus,AZ,,14071,COCHISE COUNTY MAIN JAIL,6082661212,FALSE,0.09
securus,AZ,,4096,COCHISE COUNTY SIERRA VISTA,6025424331,TRUE,0.09
securus,AZ,,4096,COCHISE COUNTY SIERRA VISTA,6082661212,FALSE,0.09
securus,AZ,,4097,COCHISE COUNTY WILLCOX,6025424331,TRUE,0.09
securus,AZ,,4097,COCHISE COUNTY WILLCOX,6082661212,FALSE,0.09
securus,AZ,,7077,PINAL COUNTY,6025424331,TRUE,0.18
securus,AZ,,7077,PINAL COUNTY,6082661212,FALSE,0.18
securus,AZ,,5785,SALT RIVER PIMA MARICOPA INDIAN COMMUNITY,6025424331,TRUE,0.12
securus,AZ,,5785,SALT RIVER PIMA MARICOPA INDIAN COMMUNITY,6082661212,FALSE,0.12
securus,AZ,,6835,YAVAPAI COUNTY EASTERN DETENTION - CAMP VERDE,6025424331,TRUE,0.21
securus,AZ,,6835,YAVAPAI COUNTY EASTERN DETENTION - CAMP VERDE,6082661212,FALSE,0.21
securus,AZ,,11572,YAVAPAI COUNTY NORTHERN DETENTION - PRESCOTT,6025424331,TRUE,0.21
securus,AZ,,11572,YAVAPAI COUNTY NORTHERN DETENTION - PRESCOTT,6082661212,FALSE,0.21
securus,CA,,1218,AMADOR COUNTY JAIL,9165883160,TRUE,0.07
securus,CA,,1218,AMADOR COUNTY JAIL,5033784582,FALSE,0.07
securus,CA,,15162,CALAVERAS COUNTY SHERIFF'S OFFICE,9165883160,TRUE,0.07
securus,CA,,15162,CALAVERAS COUNTY SHERIFF'S OFFICE,5033784582,FALSE,0.07
securus,CA,,5676,DEL NORTE COUNTY SHERIFF'S OFFICE,9165883160,TRUE,0.07
securus,CA,,5676,DEL NORTE COUNTY SHERIFF'S OFFICE,5033784582,FALSE,0.07
securus,CA,,8175,HEMET CITY POLICE DEPT,9165883160,TRUE,0.05
securus,CA,,8175,HEMET CITY POLICE DEPT,5033784582,FALSE,0.05
securus,CA,,5841,KERN COUNTY - LERDO JUSTICE FACILITY,5033784582,FALSE,0.05
securus,CA,,5841,KERN COUNTY - LERDO JUSTICE FACILITY,9165883160,TRUE,0.05
securus,CA,,9283,KERN COUNTY - LERDO MAX/MED FACILITY,9165883160,TRUE,0.05
securus,CA,,9283,KERN COUNTY - LERDO MAX/MED FACILITY,5033784582,FALSE,0.05
securus,CA,,3676,KERN COUNTY - LERDO MINIMUM FACILITY & INMATE SERVICES SECTION,9165883160,TRUE,0.05
securus,CA,,3676,KERN COUNTY - LERDO MINIMUM FACILITY & INMATE SERVICES SECTION,5033784582,FALSE,0.05
securus,CA,,3677,KERN COUNTY - LERDO PRE-TRIAL FACILITY,9165883160,TRUE,0.05
securus,CA,,3677,KERN COUNTY - LERDO PRE-TRIAL FACILITY,5033784582,FALSE,0.05
securus,CA,,852,KERN COUNTY - SHERIFF'S MOJAVE SUBSTATION,9165883160,TRUE,0.05
securus,CA,,852,KERN COUNTY - SHERIFF'S MOJAVE SUBSTATION,5033784582,FALSE,0.05
securus,CA,,3652,KERN COUNTY - SHERIFF'S OFFICE CENTRAL RECEIVING FACILITY,9165883160,TRUE,0.05
securus,CA,,3652,KERN COUNTY - SHERIFF'S OFFICE CENTRAL RECEIVING FACILITY,5033784582,FALSE,0.05
securus,CA,,227,LOMPOC CITY JAIL,9165883160,TRUE,0.07
securus,CA,,227,LOMPOC CITY JAIL,5033784582,FALSE,0.07
securus,CA,,363,MADERA COUNTY DOC,9165883160,TRUE,0.07
securus,CA,,363,MADERA COUNTY DOC,5033784582,FALSE,0.07
securus,CA,,3657,MONO COUNTY SHERIFFS DEPT,9165883160,TRUE,0.05
securus,CA,,3657,MONO COUNTY SHERIFFS DEPT,5033784582,FALSE,0.05
securus,CA,,15173,NAPA COUNTY DOC,9165883160,TRUE,0.05
securus,CA,,15173,NAPA COUNTY DOC,5033784582,FALSE,0.05
securus,CA,,5267,RIVERSIDE COUNTY - BLYTHE JAIL,9165883160,TRUE,0.07
securus,CA,,5267,RIVERSIDE COUNTY - BLYTHE JAIL,5033784582,FALSE,0.07
securus,CA,,5266,RIVERSIDE COUNTY - COIS M BYRD DETENTION CENTER,9165883160,TRUE,0.07
securus,CA,,5266,RIVERSIDE COUNTY - COIS M BYRD DETENTION CENTER,5033784582,FALSE,0.07
securus,CA,,7154,RIVERSIDE COUNTY - JOHN J BENOIT DETENTION CENTER,9165883160,TRUE,0.07
securus,CA,,7154,RIVERSIDE COUNTY - JOHN J BENOIT DETENTION CENTER,5033784582,FALSE,0.07
securus,CA,,5265,RIVERSIDE COUNTY - LARRY D SMITH CORRECTIONS,5033784582,FALSE,0.07
securus,CA,,5265,RIVERSIDE COUNTY - LARRY D SMITH CORRECTIONS,9165883160,TRUE,0.07
securus,CA,,5268,RIVERSIDE COUNTY - REGIONAL MEDICAL CENTER,9165883160,TRUE,0.07
securus,CA,,5268,RIVERSIDE COUNTY - REGIONAL MEDICAL CENTER,5033784582,FALSE,0.07
securus,CA,,5269,RIVERSIDE COUNTY - ROBERT PRESLEY DETENTION CENTER,9165883160,TRUE,0.07
securus,CA,,5269,RIVERSIDE COUNTY - ROBERT PRESLEY DETENTION CENTER,5033784582,FALSE,0.07
securus,CA,,6983,SACRAMENTO COUNTY MAIN JAIL,5033784582,FALSE,0.07
securus,CA,,6983,SACRAMENTO COUNTY MAIN JAIL,9165883160,TRUE,0.07
securus,CA,,77016,SACRAMENTO COUNTY RIO COSUMNES CORRECTIONAL CENTER,9165883160,TRUE,0.07
securus,CA,,77016,SACRAMENTO COUNTY RIO COSUMNES CORRECTIONAL CENTER,5033784582,FALSE,0.07
securus,CA,,5249,SAN BERNARDINO COUNTY - BARSTOW STATION JAIL,9165883160,TRUE,0.07
securus,CA,,5249,SAN BERNARDINO COUNTY - BARSTOW STATION JAIL,5033784582,FALSE,0.07
securus,CA,,5246,SAN BERNARDINO COUNTY - BIG BEAR STATION JAIL,5033784582,FALSE,0.07
securus,CA,,5246,SAN BERNARDINO COUNTY - BIG BEAR STATION JAIL,9165883160,TRUE,0.07
securus,CA,,7092,SAN BERNARDINO COUNTY - CENTRAL DETENTION FACILITY,9165883160,TRUE,0.07
securus,CA,,7092,SAN BERNARDINO COUNTY - CENTRAL DETENTION FACILITY,5033784582,FALSE,0.07
securus,CA,,9165,SAN BERNARDINO COUNTY - COLORADO RIVER JAIL,5033784582,FALSE,0.07
securus,CA,,9165,SAN BERNARDINO COUNTY - COLORADO RIVER JAIL,9165883160,TRUE,0.07
securus,CA,,5247,SAN BERNARDINO COUNTY - GLEN HELEN REHABILIATATION CENTER,9165883160,TRUE,0.07
securus,CA,,5247,SAN BERNARDINO COUNTY - GLEN HELEN REHABILIATATION CENTER,5033784582,FALSE,0.07
securus,CA,,5248,SAN BERNARDINO COUNTY - HIGH DESERT DETENTION FACILTY,5033784582,FALSE,0.07
securus,CA,,5248,SAN BERNARDINO COUNTY - HIGH DESERT DETENTION FACILTY,9165883160,TRUE,0.07
securus,CA,,6999,SAN BERNARDINO COUNTY - MORONGO BASIN STATION JAIL,9165883160,TRUE,0.07
securus,CA,,6999,SAN BERNARDINO COUNTY - MORONGO BASIN STATION JAIL,5033784582,FALSE,0.07
securus,CA,,7660,SAN BERNARDINO COUNTY WEST VALLEY DETENTION CENTER,5033784582,FALSE,0.07
securus,CA,,7660,SAN BERNARDINO COUNTY WEST VALLEY DETENTION CENTER,9165883160,TRUE,0.07
securus,CA,,5650,SAN JOAQUIN COUNTY JAIL,9165883160,TRUE,0.07
securus,CA,,5650,SAN JOAQUIN COUNTY JAIL,5033784582,FALSE,0.07
securus,CA,,9512,SAN JOAQUIN COUNTY JAIL - BOOKING,5033784582,FALSE,0.07
securus,CA,,9512,SAN JOAQUIN COUNTY JAIL - BOOKING,9165883160,TRUE,0.07
securus,CA,,6606,SUTTER COUNTY SHERIFF'S DEPT,5033784582,FALSE,0.07
securus,CA,,6606,SUTTER COUNTY SHERIFF'S DEPT,9165883160,TRUE,0.07
securus,CA,,3675,TAFT COMMUNITY CORRECTIONAL FACILITY,9165883160,TRUE,0.07
securus,CA,,3675,TAFT COMMUNITY CORRECTIONAL FACILITY,5033784582,FALSE,0.07
securus,CA,,15143,TUOLUMNE COUNTY DAMBACHER DETENTION CENTER,5033784582,FALSE,0.05
securus,CA,,15143,TUOLUMNE COUNTY DAMBACHER DETENTION CENTER,9165883160,TRUE,0.05
securus,CA,,7397,VENTURA COUNTY - EAST VALLEY JAIL,9165883160,TRUE,0.07
securus,CA,,7397,VENTURA COUNTY - EAST VALLEY JAIL,5033784582,FALSE,0.07
securus,CA,,6972,VENTURA COUNTY - PRETRIAL DETENTION FACILITY,5033784582,FALSE,0.07
securus,CA,,6972,VENTURA COUNTY - PRETRIAL DETENTION FACILITY,9165883160,TRUE,0.07
securus,CA,,6744,VENTURA COUNTY - TODD RD JAIL FACILITY,5033784582,FALSE,0.07
securus,CA,,6744,VENTURA COUNTY - TODD RD JAIL FACILITY,9165883160,TRUE,0.07
securus,CO,,5403,AURORA MUNICIPAL COURT ADMINISTRATION,3038662471,TRUE,0.21
securus,CO,,5403,AURORA MUNICIPAL COURT ADMINISTRATION,6092926000,FALSE,0.21
securus,CO,,4540,BROOMFIELD CITY JAIL,6092926000,FALSE,0.18
securus,CO,,4540,BROOMFIELD CITY JAIL,3038662471,TRUE,0.18
securus,CO,,8186,CHAFFEE COUNTY JAIL,3038662471,TRUE,0.12
securus,CO,,8186,CHAFFEE COUNTY JAIL,6092926000,FALSE,0.12
securus,CO,,4983,CLEAR CREEK COUNTY JAIL,6092926000,FALSE,0.21
securus,CO,,4983,CLEAR CREEK COUNTY JAIL,3038662471,TRUE,0.21
securus,CO,,9135,CO DOC - ARKANSAS VALLEY CORRECTIONAL FACILITY (AVCF),3038662471,TRUE,0.005
securus,CO,,9135,CO DOC - ARKANSAS VALLEY CORRECTIONAL FACILITY (AVCF),6092926000,FALSE,0.005
securus,CO,,9412,CO DOC - ARROWHEAD CORRECTIONAL CENTER (ACC/CMC),6092926000,FALSE,0.005
securus,CO,,9412,CO DOC - ARROWHEAD CORRECTIONAL CENTER (ACC/CMC),3038662471,TRUE,0.005
securus,CO,,11534,CO DOC - BENT COUNTY CORRECTIONAL FACILITY (BCCF),3038662471,TRUE,0.005
securus,CO,,11534,CO DOC - BENT COUNTY CORRECTIONAL FACILITY (BCCF),6092926000,FALSE,0.005
securus,CO,,9411,CO DOC - BUENA VISTA CORRECTIONAL FACILITY (BVCF),6092926000,FALSE,0.005
securus,CO,,9411,CO DOC - BUENA VISTA CORRECTIONAL FACILITY (BVCF),3038662471,TRUE,0.005
securus,CO,,9415,CO DOC - CENTENNIAL CORRECTIONAL FACILITY (CCF),6092926000,FALSE,0.005
securus,CO,,9415,CO DOC - CENTENNIAL CORRECTIONAL FACILITY (CCF),3038662471,TRUE,0.005
securus,CO,,9429,CO DOC - CENTENNIAL CORRECTIONAL FACILITY SOUTH (CCFS),3038662471,TRUE,0.005
securus,CO,,9429,CO DOC - CENTENNIAL CORRECTIONAL FACILITY SOUTH (CCFS),6092926000,FALSE,0.005
securus,CO,,9416,CO DOC - COLORADO STATE PENITENTIARY (CSP),3038662471,TRUE,0.005
securus,CO,,9416,CO DOC - COLORADO STATE PENITENTIARY (CSP),6092926000,FALSE,0.005
securus,CO,,9417,CO DOC - COLORADO TERRITORIAL CORRECTIONAL FACILITY (CTCF),3038662471,TRUE,0.005
securus,CO,,9417,CO DOC - COLORADO TERRITORIAL CORRECTIONAL FACILITY (CTCF),6092926000,FALSE,0.005
securus,CO,,11535,CO DOC - CROWLEY COUNTY CORRECTIONAL FACILITY (CCCF),3038662471,TRUE,0.005
securus,CO,,11535,CO DOC - CROWLEY COUNTY CORRECTIONAL FACILITY (CCCF),6092926000,FALSE,0.005
securus,CO,,9418,CO DOC - DELTA CORRECTIONAL CENTER (DCC),6092926000,FALSE,0.005
securus,CO,,9418,CO DOC - DELTA CORRECTIONAL CENTER (DCC),3038662471,TRUE,0.005
securus,CO,,9420,CO DOC - DENVER RECEPTION & DIAGNOSTIC CENTER (DRDC),3038662471,TRUE,0.005
securus,CO,,9420,CO DOC - DENVER RECEPTION & DIAGNOSTIC CENTER (DRDC),6092926000,FALSE,0.005
securus,CO,,9421,CO DOC - DENVER WOMEN'S CORRECTIONAL FACILITY (DWCF),6092926000,FALSE,0.005
securus,CO,,9421,CO DOC - DENVER WOMEN'S CORRECTIONAL FACILITY (DWCF),3038662471,TRUE,0.005
securus,CO,,9413,CO DOC - FOUR MILE CORRECTIONAL CENTER (FMCC/CMC),3038662471,TRUE,0.005
securus,CO,,9413,CO DOC - FOUR MILE CORRECTIONAL CENTER (FMCC/CMC),6092926000,FALSE,0.005
securus,CO,,9422,CO DOC - FREMONT CORRECTIONAL FACILITY (FCF),6092926000,FALSE,0.005
securus,CO,,9422,CO DOC - FREMONT CORRECTIONAL FACILITY (FCF),3038662471,TRUE,0.005
securus,CO,,9423,CO DOC - LAVISTA CORRECTIONAL FACILITY (LVCF),3038662471,TRUE,0.005
securus,CO,,9423,CO DOC - LAVISTA CORRECTIONAL FACILITY (LVCF),6092926000,FALSE,0.005
securus,CO,,9425,CO DOC - LIMON CORRECTIONAL FACILITY (LCF),6092926000,FALSE,0.005
securus,CO,,9425,CO DOC - LIMON CORRECTIONAL FACILITY (LCF),3038662471,TRUE,0.005
securus,CO,,9426,CO DOC - RIFLE CORRECTIONAL CENTER (RCC),3038662471,TRUE,0.005
securus,CO,,9426,CO DOC - RIFLE CORRECTIONAL CENTER (RCC),6092926000,FALSE,0.005
securus,CO,,9424,CO DOC - SAN CARLOS CORRECTIONAL FACILITY (SCCF),6092926000,FALSE,0.005
securus,CO,,9424,CO DOC - SAN CARLOS CORRECTIONAL FACILITY (SCCF),3038662471,TRUE,0.005
securus,CO,,9414,CO DOC - SKYLINE CORRECTIONAL CENTER-THE BEACON (SCC/CMC),3038662471,TRUE,0.005
securus,CO,,9414,CO DOC - SKYLINE CORRECTIONAL CENTER-THE BEACON (SCC/CMC),6092926000,FALSE,0.005
securus,CO,,9427,CO DOC - STERLING CORRECTIONAL FACILITY (SCF),6092926000,FALSE,0.005
securus,CO,,9427,CO DOC - STERLING CORRECTIONAL FACILITY (SCF),3038662471,TRUE,0.005
securus,CO,,9428,CO DOC - TRINIDAD CORRECTIONAL FACILITY (TCF),3038662471,TRUE,0.005
securus,CO,,9428,CO DOC - TRINIDAD CORRECTIONAL FACILITY (TCF),6092926000,FALSE,0.005
securus,CO,,11590,CO DOC - YOUTHFUL OFFENDER SYSTEM (YOS),6092926000,FALSE,0.005
securus,CO,,11590,CO DOC - YOUTHFUL OFFENDER SYSTEM (YOS),3038662471,TRUE,0.005
securus,CO,,5306,DELTA COUNTY JAIL,3038662471,TRUE,0.21
securus,CO,,5306,DELTA COUNTY JAIL,6092926000,FALSE,0.21
securus,CO,,16012,DENVER COUNTY JAIL,3038662471,TRUE,0.06
securus,CO,,16012,DENVER COUNTY JAIL,6092926000,FALSE,0.06
securus,CO,,16011,DENVER DOWNTOWN DETENTION CENTER,3038662471,TRUE,0.06
securus,CO,,16011,DENVER DOWNTOWN DETENTION CENTER,6092926000,FALSE,0.06
securus,CO,,6713,JEFFERSON COUNTY SHERIFF'S BOOKING,3038662471,TRUE,0.16
securus,CO,,6713,JEFFERSON COUNTY SHERIFF'S BOOKING,6092926000,FALSE,0.16
securus,CO,,5152,JEFFERSON COUNTY SHERIFF'S DETENTION FACILITY,3038662471,TRUE,0.16
securus,CO,,5152,JEFFERSON COUNTY SHERIFF'S DETENTION FACILITY,6092926000,FALSE,0.16
securus,CO,,8177,LINCOLN COUNTY SHERIFF'S OFFICE,6092926000,FALSE,0.21
securus,CO,,8177,LINCOLN COUNTY SHERIFF'S OFFICE,3038662471,TRUE,0.21
securus,CO,,8927,PARK COUNTY DETENTION CENTER,3038662471,TRUE,0.12
securus,CO,,8927,PARK COUNTY DETENTION CENTER,6092926000,FALSE,0.12
securus,CO,,3803,SOUTHERN UTE INDIAN TRIBE,6092926000,FALSE,0.12
securus,CO,,3803,SOUTHERN UTE INDIAN TRIBE,3038662471,TRUE,0.12
securus,CO,,5544,SUMMIT COUNTY JAIL,3038662471,TRUE,0.21
securus,CO,,5544,SUMMIT COUNTY JAIL,6092926000,FALSE,0.21
securus,FL,,19021,BROWARD COUNTY - BROWARD COUNTY MAIN JAIL,8504887146,TRUE,0.06
securus,FL,,19021,BROWARD COUNTY - BROWARD COUNTY MAIN JAIL,3045882000,FALSE,0.06
securus,FL,,19071,BROWARD COUNTY - JOSEPH CONTE DETENTION,3045882000,FALSE,0.06
securus,FL,,19071,BROWARD COUNTY - JOSEPH CONTE DETENTION,8504887146,TRUE,0.06
securus,FL,,19023,BROWARD COUNTY - NORTH BROWARD DETENTION CENTER,8504887146,TRUE,0.06
securus,FL,,19023,BROWARD COUNTY - NORTH BROWARD DETENTION CENTER,3045882000,FALSE,0.06
securus,FL,,19089,BROWARD COUNTY - PAUL REIN DETENTION FACILITY,8504887146,TRUE,0.06
securus,FL,,19089,BROWARD COUNTY - PAUL REIN DETENTION FACILITY,3045882000,FALSE,0.06
securus,FL,,772,CCA LAKE CITY CORRECTIONAL FACILITY,3045882000,FALSE,0.12
securus,FL,,772,CCA LAKE CITY CORRECTIONAL FACILITY,8504887146,TRUE,0.12
securus,FL,,6868,CITRUS COUNTY DETENTION FACILITY,8504887146,TRUE,0.2
securus,FL,,6868,CITRUS COUNTY DETENTION FACILITY,3045882000,FALSE,0.2
securus,FL,,19094,COLUMBIA COUNTY DETENTION FACILITY,3045882000,FALSE,0.09
securus,FL,,19094,COLUMBIA COUNTY DETENTION FACILITY,8504887146,TRUE,0.09
securus,FL,,5333,FLAGLER COUNTY SHERIFF'S OFFICE,8504887146,TRUE,0.09
securus,FL,,5333,FLAGLER COUNTY SHERIFF'S OFFICE,3045882000,FALSE,0.09
securus,FL,,6611,FLORIDA CIVIL COMMITMENT CENTER (FCCC),3045882000,FALSE,0.21
securus,FL,,6611,FLORIDA CIVIL COMMITMENT CENTER (FCCC),8504887146,TRUE,0.21
securus,FL,,19065,HARDEE COUNTY JAIL,8504887146,TRUE,0.21
securus,FL,,19065,HARDEE COUNTY JAIL,3045882000,FALSE,0.21
securus,FL,,8894,JACKSON COUNTY JAIL,3045882000,FALSE,0.21
securus,FL,,8894,JACKSON COUNTY JAIL,8504887146,TRUE,0.21
securus,FL,,4309,LAKE COUNTY DETENTION CENTER,8504887146,TRUE,0.07
securus,FL,,4309,LAKE COUNTY DETENTION CENTER,3045882000,FALSE,0.07
securus,FL,,7596,LEON COUNTY JAIL,3045882000,FALSE,0.16
securus,FL,,7596,LEON COUNTY JAIL,8504887146,TRUE,0.16
securus,FL,,624,MADISON COUNTY JAIL,8504887146,TRUE,0.21
securus,FL,,624,MADISON COUNTY JAIL,3045882000,FALSE,0.21
securus,FL,,19087,MARION COUNTY JAIL,8504887146,TRUE,0.16
securus,FL,,19087,MARION COUNTY JAIL,3045882000,FALSE,0.16
securus,FL,,19029,MIAMI DADE COUNTY BOOT CAMP,3045882000,FALSE,0.019
securus,FL,,19029,MIAMI DADE COUNTY BOOT CAMP,8504887146,TRUE,0.019
securus,FL,,19028,MIAMI DADE COUNTY METRO WEST DETENTION CENTER,8504887146,TRUE,0.019
securus,FL,,19028,MIAMI DADE COUNTY METRO WEST DETENTION CENTER,3045882000,FALSE,0.019
securus,FL,,19030,MIAMI-DADE COUNTY PRETRIAL DETENTION CENTER,8504887146,TRUE,0.019
securus,FL,,19030,MIAMI-DADE COUNTY PRETRIAL DETENTION CENTER,3045882000,FALSE,0.019
securus,FL,,19031,MIAMI-DADE COUNTY TGK CORRECTIONAL CENTER,8504887146,TRUE,0.019
securus,FL,,19031,MIAMI-DADE COUNTY TGK CORRECTIONAL CENTER,3045882000,FALSE,0.019
securus,FL,,19091,PALM BEACH BELLE GLADE DETENTION,8504887146,TRUE,0.16
securus,FL,,19091,PALM BEACH BELLE GLADE DETENTION,3045882000,FALSE,0.16
securus,FL,,19092,PALM BEACH COUNTY MAIN DETENTION,3045882000,FALSE,0.16
securus,FL,,19092,PALM BEACH COUNTY MAIN DETENTION,8504887146,TRUE,0.16
securus,FL,,10010,POLK COUNTY BOOKING - WINTER HAVEN,8504887146,TRUE,0.16
securus,FL,,10010,POLK COUNTY BOOKING - WINTER HAVEN,3045882000,FALSE,0.16
securus,FL,,9185,POLK COUNTY CENTRAL JAIL,3045882000,FALSE,0.16
securus,FL,,9185,POLK COUNTY CENTRAL JAIL,8504887146,TRUE,0.16
securus,FL,,9223,POLK COUNTY SOUTH JAIL,8504887146,TRUE,0.16
securus,FL,,9223,POLK COUNTY SOUTH JAIL,3045882000,FALSE,0.16
securus,FL,,6894,PUTNAM COUNTY JAIL,3045882000,FALSE,0.21
securus,FL,,6894,PUTNAM COUNTY JAIL,8504887146,TRUE,0.21
securus,FL,,7625,SEMINOLE COUNTY JAIL,8504887146,TRUE,0.21
securus,FL,,7625,SEMINOLE COUNTY JAIL,3045882000,FALSE,0.21
securus,FL,,6653,TAYLOR COUNTY JAIL,3045882000,FALSE,0.21
securus,FL,,6653,TAYLOR COUNTY JAIL,8504887146,TRUE,0.21
securus,FL,,9140,WAKULLA COUNTY SHERIFF'S,8504887146,TRUE,0.2
securus,FL,,9140,WAKULLA COUNTY SHERIFF'S,3045882000,FALSE,0.2
securus,GA,,5331,ATHENS CLARKE COUNTY JAIL,5033784582,FALSE,0.07
securus,GA,,5331,ATHENS CLARKE COUNTY JAIL,4046561776,TRUE,0.07
securus,GA,,972,BALDWIN COUNTY JAIL,4046561776,TRUE,0.19
securus,GA,,972,BALDWIN COUNTY JAIL,5033784582,FALSE,0.21
securus,GA,,6417,BIBB COUNTY ANNEX - G WING,5033784582,FALSE,0.21
securus,GA,,6417,BIBB COUNTY ANNEX - G WING,4046561776,TRUE,0.19
securus,GA,,6140,BIBB COUNTY MAIN JAIL,4046561776,TRUE,0.19
securus,GA,,6140,BIBB COUNTY MAIN JAIL,5033784582,FALSE,0.21
securus,GA,,20062,BIBB COUNTY NEW JAIL,5033784582,FALSE,0.21
securus,GA,,20062,BIBB COUNTY NEW JAIL,4046561776,TRUE,0.19
securus,GA,,4366,CARROLL COUNTY JAIL,4046561776,TRUE,0.16
securus,GA,,4366,CARROLL COUNTY JAIL,5033784582,FALSE,0.21
securus,GA,,4741,CATOOSA COUNTY JAIL,5033784582,FALSE,0.09
securus,GA,,4741,CATOOSA COUNTY JAIL,4046561776,TRUE,0.09
securus,GA,,7468,COLUMBIA COUNTY DETENTION CENTER,4046561776,TRUE,0.09
securus,GA,,7468,COLUMBIA COUNTY DETENTION CENTER,5033784582,FALSE,0.09
securus,GA,,80112,DEKALB COUNTY JAIL,4046561776,TRUE,0.06
securus,GA,,80112,DEKALB COUNTY JAIL,5033784582,FALSE,0.06
securus,GA,,5413,FANNIN COUNTY JAIL,4046561776,TRUE,0.19
securus,GA,,5413,FANNIN COUNTY JAIL,5033784582,FALSE,0.21
securus,GA,,4950,FAYETTE COUNTY JAIL,5033784582,FALSE,0.21
securus,GA,,4950,FAYETTE COUNTY JAIL,4046561776,TRUE,0.18
securus,GA,,8982,FORSYTH COUNTY DETENTION CENTER,4046561776,TRUE,0.09
securus,GA,,8982,FORSYTH COUNTY DETENTION CENTER,5033784582,FALSE,0.09
securus,GA,,80002,GA DOC - AL BURRUSS CORRECTIONAL TRAINING CENTER,5033784582,FALSE,0.06
securus,GA,,80002,GA DOC - AL BURRUSS CORRECTIONAL TRAINING CENTER,4046561776,TRUE,0.06
securus,GA,,80011,GA DOC - APPLING INTEGRATED TREATMENT FACILITY,4046561776,TRUE,0.06
securus,GA,,80011,GA DOC - APPLING INTEGRATED TREATMENT FACILITY,5033784582,FALSE,0.06
securus,GA,,80081,GA DOC - ARRENDALE STATE PRISON,5033784582,FALSE,0.06
securus,GA,,80081,GA DOC - ARRENDALE STATE PRISON,4046561776,TRUE,0.06
securus,GA,,80205,GA DOC - ARRENDALE TRANSITIONAL CENTER,4046561776,TRUE,0.06
securus,GA,,80205,GA DOC - ARRENDALE TRANSITIONAL CENTER,5033784582,FALSE,0.06
securus,GA,,80017,GA DOC - ATLANTA TRANSITIONAL CENTER,5033784582,FALSE,0.06
securus,GA,,80017,GA DOC - ATLANTA TRANSITIONAL CENTER,4046561776,TRUE,0.06
securus,GA,,80019,GA DOC - AUGUSTA STATE MEDICAL PRISON,4046561776,TRUE,0.06
securus,GA,,80019,GA DOC - AUGUSTA STATE MEDICAL PRISON,5033784582,FALSE,0.06
securus,GA,,80016,GA DOC - AUGUSTA TRANSITIONAL CENTER,5033784582,FALSE,0.06
securus,GA,,80016,GA DOC - AUGUSTA TRANSITIONAL CENTER,4046561776,TRUE,0.06
securus,GA,,80020,GA DOC - AUTRY STATE PRISON,4046561776,TRUE,0.06
securus,GA,,80020,GA DOC - AUTRY STATE PRISON,5033784582,FALSE,0.06
securus,GA,,80029,GA DOC - BACON PROBATION DETENTION CENTER,5033784582,FALSE,0.06
securus,GA,,80029,GA DOC - BACON PROBATION DETENTION CENTER,4046561776,TRUE,0.06
securus,GA,,80082,GA DOC - BAINBRIDGE PROBATION SUBSTANCE ABUSE TREATMENT CENTER,4046561776,TRUE,0.06
securus,GA,,80082,GA DOC - BAINBRIDGE PROBATION SUBSTANCE ABUSE TREATMENT CENTER,5033784582,FALSE,0.06
securus,GA,,80021,GA DOC - BALDWIN STATE PRISON,5033784582,FALSE,0.06
securus,GA,,80021,GA DOC - BALDWIN STATE PRISON,4046561776,TRUE,0.06
securus,GA,,80046,GA DOC - BLECKLEY PROBATION DETENTION CENTER,4046561776,TRUE,0.06
securus,GA,,80046,GA DOC - BLECKLEY PROBATION DETENTION CENTER,5033784582,FALSE,0.06
securus,GA,,80072,GA DOC - CALHOUN STATE PRISON,5033784582,FALSE,0.06
securus,GA,,80072,GA DOC - CALHOUN STATE PRISON,4046561776,TRUE,0.06
securus,GA,,80051,GA DOC - CENTRAL STATE PRISON,4046561776,TRUE,0.06
securus,GA,,80051,GA DOC - CENTRAL STATE PRISON,5033784582,FALSE,0.06
securus,GA,,80024,GA DOC - CHARLES D HUDSON TRANSITIONAL CENTER,4046561776,TRUE,0.06
securus,GA,,80024,GA DOC - CHARLES D HUDSON TRANSITIONAL CENTER,5033784582,FALSE,0.06
securus,GA,,80071,GA DOC - CLAYTON TRANSITIONAL CENTER I & II,5033784582,FALSE,0.06
securus,GA,,80071,GA DOC - CLAYTON TRANSITIONAL CENTER I & II,4046561776,TRUE,0.06
securus,GA,,80077,GA DOC - COASTAL STATE PRISON,4046561776,TRUE,0.06
securus,GA,,80077,GA DOC - COASTAL STATE PRISON,5033784582,FALSE,0.06
securus,GA,,9517,GA DOC - COFFEE CORRECTIONAL FACILITY,5033784582,FALSE,0.06
securus,GA,,9517,GA DOC - COFFEE CORRECTIONAL FACILITY,4046561776,TRUE,0.06
securus,GA,,80093,GA DOC - COLUMBUS TRANSITIONAL CENTER,4046561776,TRUE,0.06
securus,GA,,80093,GA DOC - COLUMBUS TRANSITIONAL CENTER,5033784582,FALSE,0.06
securus,GA,,80062,GA DOC - COLWELL PROBATION DETENTION CENTER,5033784582,FALSE,0.06
securus,GA,,80062,GA DOC - COLWELL PROBATION DETENTION CENTER,4046561776,TRUE,0.06
securus,GA,,80115,GA DOC - DODGE STATE PRISON,4046561776,TRUE,0.06
securus,GA,,80115,GA DOC - DODGE STATE PRISON,5033784582,FALSE,0.06
securus,GA,,80110,GA DOC - DOOLY STATE PRISON,5033784582,FALSE,0.06
securus,GA,,80110,GA DOC - DOOLY STATE PRISON,4046561776,TRUE,0.06
securus,GA,,80068,GA DOC - EMANUEL PROBATION DETENTION CENTER,4046561776,TRUE,0.06
securus,GA,,80068,GA DOC - EMANUEL PROBATION DETENTION CENTER,5033784582,FALSE,0.06
securus,GA,,11710,GA DOC - EMANUEL UNIT,5033784582,FALSE,0.06
securus,GA,,11710,GA DOC - EMANUEL UNIT,4046561776,TRUE,0.06
securus,GA,,80385,GA DOC - EMANUEL WOMEN'S FACILITY,4046561776,TRUE,0.06
securus,GA,,80385,GA DOC - EMANUEL WOMEN'S FACILITY,5033784582,FALSE,0.06
securus,GA,,80151,GA DOC - GEORGIA DIAGNOSTIC & CLASSIFICATION STATE PRISON,5033784582,FALSE,0.06
securus,GA,,80151,GA DOC - GEORGIA DIAGNOSTIC & CLASSIFICATION STATE PRISON,4046561776,TRUE,0.06
securus,GA,,80152,GA DOC - GEORGIA STATE PRISON,4046561776,TRUE,0.06
securus,GA,,80152,GA DOC - GEORGIA STATE PRISON,5033784582,FALSE,0.06
securus,GA,,80168,GA DOC - HANCOCK STATE PRISON,5033784582,FALSE,0.06
securus,GA,,80168,GA DOC - HANCOCK STATE PRISON,4046561776,TRUE,0.06
securus,GA,,80177,GA DOC - HAYS STATE PRISON,4046561776,TRUE,0.06
securus,GA,,80177,GA DOC - HAYS STATE PRISON,5033784582,FALSE,0.06
securus,GA,,80090,GA DOC - HELMS FACILITY,5033784582,FALSE,0.06
securus,GA,,80090,GA DOC - HELMS FACILITY,4046561776,TRUE,0.06
securus,GA,,9518,GA DOC - JENKINS CORRECTIONAL FACILITY,5033784582,FALSE,0.06
securus,GA,,9518,GA DOC - JENKINS CORRECTIONAL FACILITY,4046561776,TRUE,0.06
securus,GA,,80190,GA DOC - JOHNSON STATE PRISON,5033784582,FALSE,0.06
securus,GA,,80190,GA DOC - JOHNSON STATE PRISON,4046561776,TRUE,0.06
securus,GA,,80235,GA DOC - LEE STATE PRISON,4046561776,TRUE,0.06
securus,GA,,80235,GA DOC - LEE STATE PRISON,5033784582,FALSE,0.06
securus,GA,,80195,GA DOC - LONG UNIT,4046561776,TRUE,0.06
securus,GA,,80195,GA DOC - LONG UNIT,5033784582,FALSE,0.06
securus,GA,,80219,GA DOC - MACON STATE PRISON,5033784582,FALSE,0.06
securus,GA,,80219,GA DOC - MACON STATE PRISON,4046561776,TRUE,0.06
securus,GA,,80238,GA DOC - MACON TRANSITIONAL CENTER,4046561776,TRUE,0.06
securus,GA,,80238,GA DOC - MACON TRANSITIONAL CENTER,5033784582,FALSE,0.06
securus,GA,,80069,GA DOC - MCEVER PROBATION DETENTION CENTER,5033784582,FALSE,0.06
securus,GA,,80069,GA DOC - MCEVER PROBATION DETENTION CENTER,4046561776,TRUE,0.06
securus,GA,,11589,GA DOC - MCRAE WOMEN'S FACILITY,4046561776,TRUE,0.06
securus,GA,,11589,GA DOC - MCRAE WOMEN'S FACILITY,5033784582,FALSE,0.06
securus,GA,,7926,GA DOC - METRO RE-ENTRY FACILITY,5033784582,FALSE,0.06
securus,GA,,7926,GA DOC - METRO RE-ENTRY FACILITY,4046561776,TRUE,0.06
securus,GA,,11627,GA DOC - METRO REINVESTMENT CENTER,4046561776,TRUE,0.06
securus,GA,,11627,GA DOC - METRO REINVESTMENT CENTER,5033784582,FALSE,0.06
securus,GA,,80239,GA DOC - METRO TRANSITIONAL CENTER,5033784582,FALSE,0.06
securus,GA,,80239,GA DOC - METRO TRANSITIONAL CENTER,4046561776,TRUE,0.06
securus,GA,,80237,GA DOC - MONTGOMERY STATE PRISON,4046561776,TRUE,0.06
securus,GA,,80237,GA DOC - MONTGOMERY STATE PRISON,5033784582,FALSE,0.06
securus,GA,,80073,GA DOC - PATTEN PROBATION DETENTION CENTER,5033784582,FALSE,0.06
securus,GA,,80073,GA DOC - PATTEN PROBATION DETENTION CENTER,4046561776,TRUE,0.06
securus,GA,,80076,GA DOC - PAULDING PROBATION DETENTION CENTER,4046561776,TRUE,0.06
securus,GA,,80076,GA DOC - PAULDING PROBATION DETENTION CENTER,5033784582,FALSE,0.06
securus,GA,,80273,GA DOC - PHILLIPS STATE PRISON,5033784582,FALSE,0.06
securus,GA,,80273,GA DOC - PHILLIPS STATE PRISON,4046561776,TRUE,0.06
securus,GA,,80275,GA DOC - PHILLIPS TRANSITIONAL CENTER,4046561776,TRUE,0.06
securus,GA,,80275,GA DOC - PHILLIPS TRANSITIONAL CENTER,5033784582,FALSE,0.06
securus,GA,,80274,GA DOC - PULASKI STATE PRISON,5033784582,FALSE,0.06
securus,GA,,80274,GA DOC - PULASKI STATE PRISON,4046561776,TRUE,0.06
securus,GA,,9519,GA DOC - RIVERBEND CORRECTIONAL FACILITY,4046561776,TRUE,0.06
securus,GA,,9519,GA DOC - RIVERBEND CORRECTIONAL FACILITY,5033784582,FALSE,0.06
securus,GA,,80304,GA DOC - ROGERS STATE PRISON,5033784582,FALSE,0.06
securus,GA,,80304,GA DOC - ROGERS STATE PRISON,4046561776,TRUE,0.06
securus,GA,,80311,GA DOC - RUTLEDGE STATE PRISON,4046561776,TRUE,0.06
securus,GA,,80311,GA DOC - RUTLEDGE STATE PRISON,5033784582,FALSE,0.06
securus,GA,,80278,GA DOC - SMITH STATE PRISON,4046561776,TRUE,0.06
securus,GA,,80278,GA DOC - SMITH STATE PRISON,5033784582,FALSE,0.06
securus,GA,,80313,GA DOC - SMITH TRANSITIONAL CENTER,5033784582,FALSE,0.06
securus,GA,,80313,GA DOC - SMITH TRANSITIONAL CENTER,4046561776,TRUE,0.06
securus,GA,,80347,GA DOC - TELFAIR STATE PRISON,4046561776,TRUE,0.06
securus,GA,,80347,GA DOC - TELFAIR STATE PRISON,5033784582,FALSE,0.06
securus,GA,,6916,GA DOC - TIFT COLLEGE NON CUSTODY,5033784582,FALSE,0.06
securus,GA,,6916,GA DOC - TIFT COLLEGE NON CUSTODY,4046561776,TRUE,0.06
securus,GA,,80080,GA DOC - TREUTLEN PROBATION DETENTION CENTER,4046561776,TRUE,0.06
securus,GA,,80080,GA DOC - TREUTLEN PROBATION DETENTION CENTER,5033784582,FALSE,0.06
securus,GA,,80102,GA DOC - TURNER RESIDENTIAL SUBSTANCE ABUSE TREATMENT FACILITY,5033784582,FALSE,0.06
securus,GA,,80102,GA DOC - TURNER RESIDENTIAL SUBSTANCE ABUSE TREATMENT FACILITY,4046561776,TRUE,0.06
securus,GA,,639,GA DOC - VALDOSTA STATE ANNEX,4046561776,TRUE,0.06
securus,GA,,639,GA DOC - VALDOSTA STATE ANNEX,5033784582,FALSE,0.06
securus,GA,,80368,GA DOC - VALDOSTA STATE PRISON,5033784582,FALSE,0.06
securus,GA,,80368,GA DOC - VALDOSTA STATE PRISON,4046561776,TRUE,0.06
securus,GA,,80376,GA DOC - VALDOSTA TRANSITIONAL CENTER,4046561776,TRUE,0.06
securus,GA,,80376,GA DOC - VALDOSTA TRANSITIONAL CENTER,5033784582,FALSE,0.06
securus,GA,,80371,GA DOC - WALKER STATE PRISON/NW RESIDENTIAL TREATMENT FACILITY,5033784582,FALSE,0.06
securus,GA,,80371,GA DOC - WALKER STATE PRISON/NW RESIDENTIAL TREATMENT FACILITY,4046561776,TRUE,0.06
securus,GA,,80372,GA DOC - WARE STATE PRISON,4046561776,TRUE,0.06
securus,GA,,80372,GA DOC - WARE STATE PRISON,5033784582,FALSE,0.06
securus,GA,,80393,GA DOC - WASHINGTON STATE PRISON,5033784582,FALSE,0.06
securus,GA,,80393,GA DOC - WASHINGTON STATE PRISON,4046561776,TRUE,0.06
securus,GA,,80379,GA DOC - WEST CENTRAL INTEGRATED TREATMENT FACILITY,4046561776,TRUE,0.06
securus,GA,,80379,GA DOC - WEST CENTRAL INTEGRATED TREATMENT FACILITY,5033784582,FALSE,0.06
securus,GA,,9520,GA DOC - WHEELER CORRECTIONAL FACILITY,5033784582,FALSE,0.06
securus,GA,,9520,GA DOC - WHEELER CORRECTIONAL FACILITY,4046561776,TRUE,0.06
securus,GA,,80109,GA DOC - WHITWORTH WOMENS FACILITY,4046561776,TRUE,0.06
securus,GA,,80109,GA DOC - WHITWORTH WOMENS FACILITY,5033784582,FALSE,0.06
securus,GA,,80389,GA DOC - WILCOX STATE PRISON,5033784582,FALSE,0.06
securus,GA,,80389,GA DOC - WILCOX STATE PRISON,4046561776,TRUE,0.06
securus,GA,,80079,GA DOC - WOMEN'S PROBATION DETENTION CENTER,5033784582,FALSE,0.06
securus,GA,,80079,GA DOC - WOMEN'S PROBATION DETENTION CENTER,4046561776,TRUE,0.06
securus,GA,,20052,GRADY COUNTY JAIL,4046561776,TRUE,0.19
securus,GA,,20052,GRADY COUNTY JAIL,5033784582,FALSE,0.21
securus,GA,,80161,GWINNETT COUNTY CORRECTIONAL COMPLEX,4046561776,TRUE,0.13
securus,GA,,80161,GWINNETT COUNTY CORRECTIONAL COMPLEX,5033784582,FALSE,0.19
securus,GA,,7032,GWINNETT COUNTY SHERIFF'S OFFICE,4046561776,TRUE,0.16
securus,GA,,7032,GWINNETT COUNTY SHERIFF'S OFFICE,5033784582,FALSE,0.16
securus,GA,,9146,GWINNETT COUNTY WORK RELEASE CENTER,4046561776,TRUE,0.13
securus,GA,,9146,GWINNETT COUNTY WORK RELEASE CENTER,5033784582,FALSE,0.19
securus,GA,,7674,HALL COUNTY JAIL,5033784582,FALSE,0.07
securus,GA,,7674,HALL COUNTY JAIL,4046561776,TRUE,0.07
securus,GA,,20064,HARRIS COUNTY PRISON,4046561776,TRUE,0.19
securus,GA,,20064,HARRIS COUNTY PRISON,5033784582,FALSE,0.21
securus,GA,,432,MARION COUNTY SHERIFF'S DEPT,5033784582,FALSE,0.21
securus,GA,,432,MARION COUNTY SHERIFF'S DEPT,4046561776,TRUE,0.19
securus,GA,,6845,MERIWETHER COUNTY SHERIFF'S OFFICE,4046561776,TRUE,0.19
securus,GA,,6845,MERIWETHER COUNTY SHERIFF'S OFFICE,5033784582,FALSE,0.21
securus,GA,,5144,PIKE COUNTY SHERIFF'S DEPT,5033784582,FALSE,0.21
securus,GA,,5144,PIKE COUNTY SHERIFF'S DEPT,4046561776,TRUE,0.18
securus,GA,,5123,RICHMOND COUNTY CORRECTIONAL INSTITUTION,4046561776,TRUE,0.19
securus,GA,,5123,RICHMOND COUNTY CORRECTIONAL INSTITUTION,5033784582,FALSE,0.21
securus,GA,,5349,ROCKDALE COUNTY SHERIFF'S OFFICE,5033784582,FALSE,0.21
securus,GA,,5349,ROCKDALE COUNTY SHERIFF'S OFFICE,4046561776,TRUE,0.18
securus,GA,,812,SMYRNA CITY JAIL,4046561776,TRUE,0.12
securus,GA,,812,SMYRNA CITY JAIL,5033784582,FALSE,0.12
securus,GA,,997,TATTNALL COUNTY SHERIFFS OFFICE,5033784582,FALSE,0.21
securus,GA,,997,TATTNALL COUNTY SHERIFFS OFFICE,4046561776,TRUE,0.19
securus,GA,,9163,THOMAS COUNTY DETENTION CENTER,4046561776,TRUE,0.19
securus,GA,,9163,THOMAS COUNTY DETENTION CENTER,5033784582,FALSE,0.21
securus,GA,,80351,TIFT COUNTY LAW ENFORCEMENT CENTER,5033784582,FALSE,0.21
securus,GA,,80351,TIFT COUNTY LAW ENFORCEMENT CENTER,4046561776,TRUE,0.19
securus,GA,,8576,TROUP COUNTY CI,4046561776,TRUE,0.19
securus,GA,,8576,TROUP COUNTY CI,5033784582,FALSE,0.21
securus,GA,,5334,TROUP COUNTY JAIL,5033784582,FALSE,0.21
securus,GA,,5334,TROUP COUNTY JAIL,4046561776,TRUE,0.19
securus,IA,,5702,BREMER COUNTY SHERIFF'S DEPT,5152815211,TRUE,0.21
securus,IA,,5702,BREMER COUNTY SHERIFF'S DEPT,4046561776,FALSE,0.21
securus,IA,,4625,STORY COUNTY JAIL,5152815211,TRUE,0.19
securus,IA,,4625,STORY COUNTY JAIL,4046561776,FALSE,0.19
securus,IA,,9383,STORY COUNTY JAIL BOOKING,5152815211,TRUE,0.19
securus,IA,,9383,STORY COUNTY JAIL BOOKING,4046561776,FALSE,0.19
securus,IA,,8385,WEBSTER COUNTY JAIL,5152815211,TRUE,0.21
securus,IA,,8385,WEBSTER COUNTY JAIL,4046561776,FALSE,0.21
securus,ID,,9395,BANNOCK COUNTY CRIMINAL JUSTICE CENTER,4064443111,FALSE,0.21
securus,ID,,9395,BANNOCK COUNTY CRIMINAL JUSTICE CENTER,2083342100,TRUE,0.21
securus,ID,,566,CUSTER COUNTY JAIL,2083342100,TRUE,0.21
securus,ID,,566,CUSTER COUNTY JAIL,4064443111,FALSE,0.21
securus,ID,,5685,NEZ PERCE COUNTY JAIL,2083342100,TRUE,0.12
securus,ID,,5685,NEZ PERCE COUNTY JAIL,4064443111,FALSE,0.12
securus,IL,,8782,ADAMS COUNTY JAIL,5184748390,FALSE,0.21
securus,IL,,8782,ADAMS COUNTY JAIL,2177820244,TRUE,0.21
securus,IL,,92,ALTON CITY POLICE DEPT,2177820244,TRUE,0.21
securus,IL,,92,ALTON CITY POLICE DEPT,5184748390,FALSE,0.21
securus,IL,,4698,BOONE COUNTY JAIL,5184748390,FALSE,0.21
securus,IL,,4698,BOONE COUNTY JAIL,2177820244,TRUE,0.21
securus,IL,,8933,COLLINSVILLE CITY POLICE DEPT,2177820244,TRUE,0.12
securus,IL,,8933,COLLINSVILLE CITY POLICE DEPT,5184748390,FALSE,0.12
securus,IL,,102,CRAWFORD COUNTY JAIL,5184748390,FALSE,0.21
securus,IL,,102,CRAWFORD COUNTY JAIL,2177820244,TRUE,0.21
securus,IL,,109,GRANITE CITY JAIL,2177820244,TRUE,0.12
securus,IL,,109,GRANITE CITY JAIL,5184748390,FALSE,0.12
securus,IL,,9364,IL DOC - DIXON SPRINGS IMPACT INCARCERATION PROGRAM,5184748390,FALSE,0.009
securus,IL,,9364,IL DOC - DIXON SPRINGS IMPACT INCARCERATION PROGRAM,2177820244,TRUE,0.009
securus,IL,,9372,IL DOC - ILLINOIS YOUTH CENTER - CHICAGO,2177820244,TRUE,0.009
securus,IL,,9372,IL DOC - ILLINOIS YOUTH CENTER - CHICAGO,5184748390,FALSE,0.009
securus,IL,,9371,IL DOC - ILLINOIS YOUTH CENTER - HARRISBURG,5184748390,FALSE,0.009
securus,IL,,9371,IL DOC - ILLINOIS YOUTH CENTER - HARRISBURG,2177820244,TRUE,0.009
securus,IL,,9367,IL DOC - ILLINOIS YOUTH CENTER - PERE MARQUETTE,2177820244,TRUE,0.009
securus,IL,,9367,IL DOC - ILLINOIS YOUTH CENTER - PERE MARQUETTE,5184748390,FALSE,0.009
securus,IL,,9366,IL DOC - ILLINOIS YOUTH CENTER - ST CHARLES,5184748390,FALSE,0.009
securus,IL,,9366,IL DOC - ILLINOIS YOUTH CENTER - ST CHARLES,2177820244,TRUE,0.009
securus,IL,,9365,IL DOC - ILLINOIS YOUTH CENTER - WARRENVILLE,5184748390,FALSE,0.009
securus,IL,,9365,IL DOC - ILLINOIS YOUTH CENTER - WARRENVILLE,2177820244,TRUE,0.009
securus,IL,,23030,IL DOC - NORTHERN RECEPTION & CLASSIFICATION CENTER,5184748390,FALSE,0.009
securus,IL,,23030,IL DOC - NORTHERN RECEPTION & CLASSIFICATION CENTER,2177820244,TRUE,0.009
securus,IL,,9159,IL DOC - PEORIA ADULT TRANSITION CENTER,2177820244,TRUE,0.009
securus,IL,,9159,IL DOC - PEORIA ADULT TRANSITION CENTER,5184748390,FALSE,0.009
securus,IL,,9373,IL DOC - RUSHVILLE TREATMENT & DET FACILITY,2177820244,TRUE,0.009
securus,IL,,9373,IL DOC - RUSHVILLE TREATMENT & DET FACILITY,5184748390,FALSE,0.009
securus,IL,,117,KANKAKEE COUNTY JAIL,5184748390,FALSE,0.21
securus,IL,,117,KANKAKEE COUNTY JAIL,2177820244,TRUE,0.21
securus,IL,,5599,KANKAKEE COUNTY JEROME COMBS DETENTION CENTER,2177820244,TRUE,0.21
securus,IL,,5599,KANKAKEE COUNTY JEROME COMBS DETENTION CENTER,5184748390,FALSE,0.21
securus,IL,,5344,KENDALL COUNTY JAIL,5184748390,FALSE,0.21
securus,IL,,5344,KENDALL COUNTY JAIL,2177820244,TRUE,0.21
securus,IL,,4846,KNOX COUNTY JAIL,2177820244,TRUE,0.21
securus,IL,,4846,KNOX COUNTY JAIL,5184748390,FALSE,0.21
securus,IL,,5,LAWRENCE COUNTY JAIL,5184748390,FALSE,0.21
securus,IL,,5,LAWRENCE COUNTY JAIL,2177820244,TRUE,0.21
securus,IL,,23038,MACON COUNTY JAIL,2177820244,TRUE,0.16
securus,IL,,23038,MACON COUNTY JAIL,5184748390,FALSE,0.21
securus,IL,,49,MARSHALL COUNTY SHERIFF'S DEPT,5184748390,FALSE,0.21
securus,IL,,49,MARSHALL COUNTY SHERIFF'S DEPT,2177820244,TRUE,0.21
securus,IL,,135,SALINE COUNTY JAIL,2177820244,TRUE,0.21
securus,IL,,135,SALINE COUNTY JAIL,5184748390,FALSE,0.21
securus,IL,,122,VERMILION COUNTY JAIL,5184748390,FALSE,0.21
securus,IL,,122,VERMILION COUNTY JAIL,2177820244,TRUE,0.21
securus,IN,,6230,ELKHART COUNTY JAIL,3172324567,TRUE,0.21
securus,IN,,6230,ELKHART COUNTY JAIL,6013593150,FALSE,0.21
securus,IN,,24028,FLOYD COUNTY JAIL,6013593150,FALSE,0.21
securus,IN,,24028,FLOYD COUNTY JAIL,3172324567,TRUE,0.21
securus,IN,,647,HARRISON COUNTY SHERIFF'S DEPT,3172324567,TRUE,0.21
securus,IN,,647,HARRISON COUNTY SHERIFF'S DEPT,6013593150,FALSE,0.21
securus,IN,,6404,HENDRICKS COUNTY WORK RELEASE,6013593150,FALSE,0.21
securus,IN,,6404,HENDRICKS COUNTY WORK RELEASE,3172324567,TRUE,0.21
securus,IN,,8199,KOSCIUSKO COUNTY JAIL,3172324567,TRUE,0.21
securus,IN,,8199,KOSCIUSKO COUNTY JAIL,6013593150,FALSE,0.21
securus,IN,,8915,KOSCIUSKO COUNTY WORK RELEASE,3172324567,TRUE,0.21
securus,IN,,8915,KOSCIUSKO COUNTY WORK RELEASE,6013593150,FALSE,0.21
securus,IN,,741,LAPORTE COUNTY JAIL,3172324567,TRUE,0.21
securus,IN,,741,LAPORTE COUNTY JAIL,6013593150,FALSE,0.21
securus,IN,,11527,MADISON COUNTY CORRECTIONAL COMPLEX,3172324567,TRUE,0.21
securus,IN,,11527,MADISON COUNTY CORRECTIONAL COMPLEX,6013593150,FALSE,0.21
securus,IN,,11573,MADISON COUNTY CORRECTIONAL COMPLEX - WORK RELEASE,6013593150,FALSE,0.21
securus,IN,,11573,MADISON COUNTY CORRECTIONAL COMPLEX - WORK RELEASE,3172324567,TRUE,0.21
securus,IN,,7483,MARION COUNTY JUVENILE DETENTION CENTER,3172324567,TRUE,0.09
securus,IN,,7483,MARION COUNTY JUVENILE DETENTION CENTER,6013593150,FALSE,0.09
securus,IN,,11654,MARION COUNTY YOUTH AND FAMILY SERVICES CENTER,6013593150,FALSE,0.09
securus,IN,,11654,MARION COUNTY YOUTH AND FAMILY SERVICES CENTER,3172324567,TRUE,0.09
securus,IN,,5883,MONTGOMERY COUNTY SHERIFF'S DEPT,3172324567,TRUE,0.21
securus,IN,,5883,MONTGOMERY COUNTY SHERIFF'S DEPT,6013593150,FALSE,0.21
securus,IN,,74,SHELBY COUNTY SHERIFF'S DEPT,6013593150,FALSE,0.21
securus,IN,,74,SHELBY COUNTY SHERIFF'S DEPT,3172324567,TRUE,0.21
securus,IN,,6723,TIPPECANOE COUNTY COMMUNITY CORRECTIONS,3172324567,TRUE,0.21
securus,IN,,6723,TIPPECANOE COUNTY COMMUNITY CORRECTIONS,6013593150,FALSE,0.21
securus,KS,,4834,BUTLER COUNTY CORRECTIONS,3342427100,FALSE,0.21
securus,KS,,4834,BUTLER COUNTY CORRECTIONS,7852963232,TRUE,0.21
securus,KS,,8365,MCPHERSON COUNTY JAIL,7852963232,TRUE,0.21
securus,KS,,8365,MCPHERSON COUNTY JAIL,3342427100,FALSE,0.21
securus,KS,,25002,SEDGWICK COUNTY DETENTION FACILITY,3342427100,FALSE,0.049
securus,KS,,25002,SEDGWICK COUNTY DETENTION FACILITY,7852963232,TRUE,0.049
securus,KS,,7889,SEDGWICK COUNTY DETENTION FACILITY ANNEX,7852963232,TRUE,0.049
securus,KS,,7889,SEDGWICK COUNTY DETENTION FACILITY ANNEX,3342427100,FALSE,0.049
securus,KS,,25005,WYANDOTTE COUNTY ADULT DETENTION CENTER,3342427100,FALSE,0.13
securus,KS,,25005,WYANDOTTE COUNTY ADULT DETENTION CENTER,7852963232,TRUE,0.13
securus,KS,,1267,WYANDOTTE JUVENILE JUSTICE CENTER,7852963232,TRUE,0.13
securus,KS,,1267,WYANDOTTE JUVENILE JUSTICE CENTER,3342427100,FALSE,0.13
securus,KY,,847,CLINTON COUNTY JAIL,5025642517,TRUE,0.21
securus,KY,,847,CLINTON COUNTY JAIL,9165883160,FALSE,0.21
securus,KY,,5917,KY DOC - BELL FORESTRY CAMP,9165883160,FALSE,0.14
securus,KY,,5917,KY DOC - BELL FORESTRY CAMP,5025642517,TRUE,0.14
securus,KY,,5940,KY DOC - BLACKBURN CORRECTIONAL COMPLEX,9165883160,FALSE,0.14
securus,KY,,5940,KY DOC - BLACKBURN CORRECTIONAL COMPLEX,5025642517,TRUE,0.14
securus,KY,,5945,KY DOC - EASTERN KENTUCKY CORRECTIONAL COMPLEX,5025642517,TRUE,0.14
securus,KY,,5945,KY DOC - EASTERN KENTUCKY CORRECTIONAL COMPLEX,9165883160,FALSE,0.14
securus,KY,,5900,KY DOC - GREEN RIVER CORRECTIONAL COMPLEX,5025642517,TRUE,0.14
securus,KY,,5900,KY DOC - GREEN RIVER CORRECTIONAL COMPLEX,9165883160,FALSE,0.14
securus,KY,,5948,KY DOC - KENTUCKY CORRECTIONAL INSTITUTION FOR WOMEN,5025642517,TRUE,0.14
securus,KY,,5948,KY DOC - KENTUCKY CORRECTIONAL INSTITUTION FOR WOMEN,9165883160,FALSE,0.14
securus,KY,,5949,KY DOC - KENTUCKY STATE PENITENTIARY,9165883160,FALSE,0.14
securus,KY,,5949,KY DOC - KENTUCKY STATE PENITENTIARY,5025642517,TRUE,0.14
securus,KY,,5899,KY DOC - KENTUCKY STATE REFORMATORY,5025642517,TRUE,0.14
securus,KY,,5899,KY DOC - KENTUCKY STATE REFORMATORY,9165883160,FALSE,0.14
securus,KY,,5955,KY DOC - LEE ADJUSTMENT CENTER,9165883160,FALSE,0.14
securus,KY,,5955,KY DOC - LEE ADJUSTMENT CENTER,5025642517,TRUE,0.14
securus,KY,,5954,KY DOC - LITTLE SANDY CORRECTIONAL COMPLEX,5025642517,TRUE,0.14
securus,KY,,5954,KY DOC - LITTLE SANDY CORRECTIONAL COMPLEX,9165883160,FALSE,0.14
securus,KY,,5946,KY DOC - LUTHER LUCKETT CORRECTIONAL COMPLEX,9165883160,FALSE,0.14
securus,KY,,5946,KY DOC - LUTHER LUCKETT CORRECTIONAL COMPLEX,5025642517,TRUE,0.14
securus,KY,,5950,KY DOC - NORTHPOINT TRAINING CENTER,5025642517,TRUE,0.14
securus,KY,,5950,KY DOC - NORTHPOINT TRAINING CENTER,9165883160,FALSE,0.14
securus,KY,,5997,KY DOC - PSYCHIATRIC CENTER,9165883160,FALSE,0.14
securus,KY,,5997,KY DOC - PSYCHIATRIC CENTER,5025642517,TRUE,0.14
securus,KY,,5952,KY DOC - ROEDERER CORRECTIONAL COMPLEX,5025642517,TRUE,0.14
securus,KY,,5952,KY DOC - ROEDERER CORRECTIONAL COMPLEX,9165883160,FALSE,0.14
securus,KY,,7087,KY DOC - ROSS CASH CENTER FOR WOMEN,9165883160,FALSE,0.14
securus,KY,,7087,KY DOC - ROSS CASH CENTER FOR WOMEN,5025642517,TRUE,0.14
securus,KY,,5957,KY DOC - SOUTHEAST STATE CORRECTIONAL COMPLEX,5025642517,TRUE,0.14
securus,KY,,5957,KY DOC - SOUTHEAST STATE CORRECTIONAL COMPLEX,9165883160,FALSE,0.14
securus,KY,,5953,KY DOC - WESTERN KENTUCKY CORRECTIONAL FACILITY FOR MEN,9165883160,FALSE,0.14
securus,KY,,5953,KY DOC - WESTERN KENTUCKY CORRECTIONAL FACILITY FOR MEN,5025642517,TRUE,0.14
securus,KY,,824,LETCHER COUNTY JAIL,5025642517,TRUE,0.09
securus,KY,,824,LETCHER COUNTY JAIL,9165883160,FALSE,0.09
securus,KY,,638,MEADE COUNTY JAIL,9165883160,FALSE,0.21
securus,KY,,638,MEADE COUNTY JAIL,5025642517,TRUE,0.21
securus,KY,,565,SCOTT COUNTY DETENTION CENTER,5025642517,TRUE,0.09
securus,KY,,565,SCOTT COUNTY DETENTION CENTER,9165883160,FALSE,0.09
securus,KY,,4414,THREE FORKS REGIONAL JAIL,5025642517,TRUE,0.21
securus,KY,,4414,THREE FORKS REGIONAL JAIL,9165883160,FALSE,0.21
securus,KY,,261,WARREN COUNTY REGIONAL JAIL,5025642517,TRUE,0.21
securus,KY,,261,WARREN COUNTY REGIONAL JAIL,9165883160,FALSE,0.21
securus,MD,,30001,DORCHESTER COUNTY DETENTION CENTER,6157412001,FALSE,0.21
securus,MD,,30001,DORCHESTER COUNTY DETENTION CENTER,4109743901,TRUE,0.21
securus,MD,,369,PRINCE GEORGES COUNTY DOC,4109743901,TRUE,0.07
securus,MD,,369,PRINCE GEORGES COUNTY DOC,6157412001,FALSE,0.07
securus,MD,,30013,QUEEN ANNE'S COUNTY DETENTION CENTER,6157412001,FALSE,0.21
securus,MD,,30013,QUEEN ANNE'S COUNTY DETENTION CENTER,4109743901,TRUE,0.13
securus,MD,,30022,WORCESTER COUNTY DETENTION CENTER,4109743901,TRUE,0.21
securus,MD,,30022,WORCESTER COUNTY DETENTION CENTER,6157412001,FALSE,0.21
securus,ME,,6924,ANDROSCOGGIN COUNTY JAIL,9074653500,FALSE,0.09
securus,ME,,6924,ANDROSCOGGIN COUNTY JAIL,2072873531,TRUE,0.09
securus,ME,,7067,AROOSTOOK COUNTY JAIL,2072873531,TRUE,0.21
securus,ME,,7067,AROOSTOOK COUNTY JAIL,9074653500,FALSE,0.21
securus,ME,,7753,CUMBERLAND COUNTY JAIL,9074653500,FALSE,0.21
securus,ME,,7753,CUMBERLAND COUNTY JAIL,2072873531,TRUE,0.21
securus,ME,,29014,FRANKLIN COUNTY JAIL,2072873531,TRUE,0.21
securus,ME,,29014,FRANKLIN COUNTY JAIL,9074653500,FALSE,0.21
securus,ME,,29025,HANCOCK COUNTY JAIL,9074653500,FALSE,0.21
securus,ME,,29025,HANCOCK COUNTY JAIL,2072873531,TRUE,0.21
securus,ME,,8039,KENNEBEC COUNTY JAIL,2072873531,TRUE,0.21
securus,ME,,8039,KENNEBEC COUNTY JAIL,9074653500,FALSE,0.21
securus,ME,,9013,KNOX COUNTY JAIL,9074653500,FALSE,0.21
securus,ME,,9013,KNOX COUNTY JAIL,2072873531,TRUE,0.21
securus,ME,,29026,OXFORD COUNTY JAIL,2072873531,TRUE,0.12
securus,ME,,29026,OXFORD COUNTY JAIL,9074653500,FALSE,0.12
securus,ME,,29021,PENOBSCOT COUNTY JAIL,9074653500,FALSE,0.21
securus,ME,,29021,PENOBSCOT COUNTY JAIL,2072873531,TRUE,0.21
securus,ME,,29018,PISCATAQUIS COUNTY JAIL,2072873531,TRUE,0.21
securus,ME,,29018,PISCATAQUIS COUNTY JAIL,9074653500,FALSE,0.21
securus,ME,,3065,SOMERSET COUNTY JAIL,9074653500,FALSE,0.21
securus,ME,,3065,SOMERSET COUNTY JAIL,2072873531,TRUE,0.21
securus,ME,,29031,WALDO COUNTY JAIL,2072873531,TRUE,0.21
securus,ME,,29031,WALDO COUNTY JAIL,9074653500,FALSE,0.21
securus,ME,,29020,WASHINGTON COUNTY JAIL,2072873531,TRUE,0.21
securus,ME,,29020,WASHINGTON COUNTY JAIL,9074653500,FALSE,0.21
securus,ME,,29032,YORK COUNTY JAIL,9074653500,FALSE,0.21
securus,ME,,29032,YORK COUNTY JAIL,2072873531,TRUE,0.21
securus,MI,,4162,ALGER COUNTY SHERIFF'S DEPT,5173733400,TRUE,0.21
securus,MI,,4162,ALGER COUNTY SHERIFF'S DEPT,8028283333,FALSE,0.21
securus,MI,,4227,BAY COUNTY LAW ENFORCEMENT CENTER,8028283333,FALSE,0.09
securus,MI,,4227,BAY COUNTY LAW ENFORCEMENT CENTER,5173733400,TRUE,0.09
securus,MI,,10025,BRANCH COUNTY JAIL - NEW,5173733400,TRUE,0.21
securus,MI,,10025,BRANCH COUNTY JAIL - NEW,8028283333,FALSE,0.21
securus,MI,,31031,CHIPPEWA COUNTY JAIL,8028283333,FALSE,0.21
securus,MI,,31031,CHIPPEWA COUNTY JAIL,5173733400,TRUE,0.21
securus,MI,,7137,DELTA COUNTY CORRECTIONAL FACILITY,5173733400,TRUE,0.21
securus,MI,,7137,DELTA COUNTY CORRECTIONAL FACILITY,8028283333,FALSE,0.21
securus,MI,,466,DETROIT MADISON CENTER,8028283333,FALSE,0.12
securus,MI,,466,DETROIT MADISON CENTER,5173733400,TRUE,0.12
securus,MI,,31047,DICKINSON COUNTY JAIL,5173733400,TRUE,0.21
securus,MI,,31047,DICKINSON COUNTY JAIL,8028283333,FALSE,0.21
securus,MI,,6830,FLINT POLICE DEPT,8028283333,FALSE,0.21
securus,MI,,6830,FLINT POLICE DEPT,5173733400,TRUE,0.21
securus,MI,,5156,GOGEBIC COUNTY SHERIFF'S DEPT,5173733400,TRUE,0.21
securus,MI,,5156,GOGEBIC COUNTY SHERIFF'S DEPT,8028283333,FALSE,0.21
securus,MI,,31051,GRATIOT COUNTY JAIL,8028283333,FALSE,0.12
securus,MI,,31051,GRATIOT COUNTY JAIL,5173733400,TRUE,0.12
securus,MI,,5872,IRON COUNTY SHERIFF'S DEPT,8028283333,FALSE,0.21
securus,MI,,5872,IRON COUNTY SHERIFF'S DEPT,5173733400,TRUE,0.21
securus,MI,,4263,MARQUETTE SHERIFF'S DEPT,5173733400,TRUE,0.12
securus,MI,,4263,MARQUETTE SHERIFF'S DEPT,8028283333,FALSE,0.12
securus,MI,,6677,MIDLAND COUNTY JAIL,8028283333,FALSE,0.09
securus,MI,,6677,MIDLAND COUNTY JAIL,5173733400,TRUE,0.09
securus,MI,,31075,MUSKEGON COUNTY JAIL,5173733400,TRUE,0.21
securus,MI,,31075,MUSKEGON COUNTY JAIL,8028283333,FALSE,0.21
securus,MI,,8215,OCEANA COUNTY JAIL,5173733400,TRUE,0.12
securus,MI,,8215,OCEANA COUNTY JAIL,8028283333,FALSE,0.12
securus,MI,,8217,OTSEGO COUNTY JAIL,8028283333,FALSE,0.12
securus,MI,,8217,OTSEGO COUNTY JAIL,5173733400,TRUE,0.12
securus,MI,,6351,ST CLAIR COUNTY JAIL,5173733400,TRUE,0.07
securus,MI,,6351,ST CLAIR COUNTY JAIL,8028283333,FALSE,0.07
securus,MI,,8467,ST JOSEPH COUNTY JAIL,5173733400,TRUE,0.21
securus,MI,,8467,ST JOSEPH COUNTY JAIL,8028283333,FALSE,0.2
securus,MI,,5551,WASHTENAW COUNTY SHERIFFS DEPT,5173733400,TRUE,0.21
securus,MI,,5551,WASHTENAW COUNTY SHERIFFS DEPT,8028283333,FALSE,0.21
securus,MN,,8247,BROOKLYN PARK POLICE DEPT,2177820244,FALSE,0.21
securus,MN,,8247,BROOKLYN PARK POLICE DEPT,6512013400,TRUE,0.21
securus,MN,,8784,CARVER COUNTY JAIL,6512013400,TRUE,0.21
securus,MN,,8784,CARVER COUNTY JAIL,2177820244,FALSE,0.21
securus,MN,,8768,DAKOTA COUNTY SHERIFF'S DEPT,2177820244,FALSE,0.18
securus,MN,,8768,DAKOTA COUNTY SHERIFF'S DEPT,6512013400,TRUE,0.18
securus,MN,,8789,GOODHUE SHERFF'S DEPT,6512013400,TRUE,0.16
securus,MN,,8789,GOODHUE SHERFF'S DEPT,2177820244,FALSE,0.16
securus,MN,,5193,RAMSEY COUNTY LAW ENFORCEMENT CENTER,6512013400,TRUE,0.07
securus,MN,,5193,RAMSEY COUNTY LAW ENFORCEMENT CENTER,2177820244,FALSE,0.07
securus,MN,,4124,WASHINGTON COUNTY JAIL,6512013400,TRUE,0.21
securus,MN,,4124,WASHINGTON COUNTY JAIL,2177820244,FALSE,0.21
securus,MO,,7390,BERKELEY CITY POLICE DEPT (NEW),5737513222,TRUE,0.12
securus,MO,,7390,BERKELEY CITY POLICE DEPT (NEW),3038662471,FALSE,0.12
securus,MO,,8240,BLUE SPRINGS POLICE DEPT,3038662471,FALSE,0.12
securus,MO,,8240,BLUE SPRINGS POLICE DEPT,5737513222,TRUE,0.12
securus,MO,,1219,BUCHANAN COUNTY JAIL,5737513222,TRUE,0.12
securus,MO,,1219,BUCHANAN COUNTY JAIL,3038662471,FALSE,0.12
securus,MO,,8305,CAPE GIRARDEAU COUNTY JAIL,3038662471,FALSE,0.12
securus,MO,,8305,CAPE GIRARDEAU COUNTY JAIL,5737513222,TRUE,0.12
securus,MO,,7957,CAPE GIRARDEAU POLICE DEPT - MARIA LOUISA,5737513222,TRUE,0.12
securus,MO,,7957,CAPE GIRARDEAU POLICE DEPT - MARIA LOUISA,3038662471,FALSE,0.12
securus,MO,,8270,LEE'S SUMMIT CITY POLICE DEPT,3038662471,FALSE,0.12
securus,MO,,8270,LEE'S SUMMIT CITY POLICE DEPT,5737513222,TRUE,0.12
securus,MO,,9050,MO DOC - ALGOA CORRECTIONAL CENTER,5737513222,TRUE,0.05
securus,MO,,9050,MO DOC - ALGOA CORRECTIONAL CENTER,3038662471,FALSE,0.05
securus,MO,,9051,MO DOC - BOONVILLE CORRECTIONAL CENTER,3038662471,FALSE,0.05
securus,MO,,9051,MO DOC - BOONVILLE CORRECTIONAL CENTER,5737513222,TRUE,0.05
securus,MO,,9052,MO DOC - CHILLICOTHE CORRECTIONAL CENTER,5737513222,TRUE,0.05
securus,MO,,9052,MO DOC - CHILLICOTHE CORRECTIONAL CENTER,3038662471,FALSE,0.05
securus,MO,,9054,MO DOC - CROSSROADS CORRECTIONAL CENTER,3038662471,FALSE,0.05
securus,MO,,9054,MO DOC - CROSSROADS CORRECTIONAL CENTER,5737513222,TRUE,0.05
securus,MO,,9055,MO DOC - EASTERN RECEPTION DIAGNOSTIC & CORRECTIONAL CENTER,5737513222,TRUE,0.05
securus,MO,,9055,MO DOC - EASTERN RECEPTION DIAGNOSTIC & CORRECTIONAL CENTER,3038662471,FALSE,0.05
securus,MO,,9056,MO DOC - FARMINGTON CORRECTIONAL CENTER,3038662471,FALSE,0.05
securus,MO,,9056,MO DOC - FARMINGTON CORRECTIONAL CENTER,5737513222,TRUE,0.05
securus,MO,,9057,MO DOC - FULTON RECEPTION & DIAGNOSTIC CENTER,5737513222,TRUE,0.05
securus,MO,,9057,MO DOC - FULTON RECEPTION & DIAGNOSTIC CENTER,3038662471,FALSE,0.05
securus,MO,,9058,MO DOC - JEFFERSON CITY CORRECTIONAL CENTER,3038662471,FALSE,0.05
securus,MO,,9058,MO DOC - JEFFERSON CITY CORRECTIONAL CENTER,5737513222,TRUE,0.05
securus,MO,,9059,MO DOC - MARYVILLE TREATMENT CENTER,5737513222,TRUE,0.05
securus,MO,,9059,MO DOC - MARYVILLE TREATMENT CENTER,3038662471,FALSE,0.05
securus,MO,,9060,MO DOC - MISSOURI EASTERN CORRECTIONAL CENTER,3038662471,FALSE,0.05
securus,MO,,9060,MO DOC - MISSOURI EASTERN CORRECTIONAL CENTER,5737513222,TRUE,0.05
securus,MO,,9061,MO DOC - MOBERLY CORRECTIONAL CENTER,5737513222,TRUE,0.05
securus,MO,,9061,MO DOC - MOBERLY CORRECTIONAL CENTER,3038662471,FALSE,0.05
securus,MO,,9062,MO DOC - NORTHEAST CORRECTIONAL CENTER,5737513222,TRUE,0.05
securus,MO,,9062,MO DOC - NORTHEAST CORRECTIONAL CENTER,3038662471,FALSE,0.05
securus,MO,,9063,MO DOC - OZARK CORRECTIONAL CENTER,5737513222,TRUE,0.05
securus,MO,,9063,MO DOC - OZARK CORRECTIONAL CENTER,3038662471,FALSE,0.05
securus,MO,,9064,MO DOC - POTOSI CORRECTIONAL CENTER,3038662471,FALSE,0.05
securus,MO,,9064,MO DOC - POTOSI CORRECTIONAL CENTER,5737513222,TRUE,0.05
securus,MO,,9065,MO DOC - SOUTH CENTRAL CORRECTIONAL CENTER,5737513222,TRUE,0.05
securus,MO,,9065,MO DOC - SOUTH CENTRAL CORRECTIONAL CENTER,3038662471,FALSE,0.05
securus,MO,,9066,MO DOC - SOUTHEAST CORRECTIONAL CENTER,3038662471,FALSE,0.05
securus,MO,,9066,MO DOC - SOUTHEAST CORRECTIONAL CENTER,5737513222,TRUE,0.05
securus,MO,,9067,MO DOC - TIPTON CORRECTIONAL CENTER,5737513222,TRUE,0.05
securus,MO,,9067,MO DOC - TIPTON CORRECTIONAL CENTER,3038662471,FALSE,0.05
securus,MO,,9071,MO DOC - TRANSITION CENTER OF KANSAS CITY (TCKC),3038662471,FALSE,0.05
securus,MO,,9071,MO DOC - TRANSITION CENTER OF KANSAS CITY (TCKC),5737513222,TRUE,0.05
securus,MO,,9072,MO DOC - TRANSITION CENTER OF ST. LOUIS (TCSTL),5737513222,TRUE,0.05
securus,MO,,9072,MO DOC - TRANSITION CENTER OF ST. LOUIS (TCSTL),3038662471,FALSE,0.05
securus,MO,,9069,MO DOC - WESTERN RECEPTION DIAGNOSTIC & CORRECTIONAL CENTER,3038662471,FALSE,0.05
securus,MO,,9069,MO DOC - WESTERN RECEPTION DIAGNOSTIC & CORRECTIONAL CENTER,5737513222,TRUE,0.05
securus,MO,,9070,MO DOC - WOMENS EASTERN RECEPTION DIAGNOSTIC & CORRECTIONAL CENTER,5737513222,TRUE,0.05
securus,MO,,9070,MO DOC - WOMENS EASTERN RECEPTION DIAGNOSTIC & CORRECTIONAL CENTER,3038662471,FALSE,0.05
securus,MO,,9444,SCOTT CITY POLICE DEPT,3038662471,FALSE,0.12
securus,MO,,9444,SCOTT CITY POLICE DEPT,5737513222,TRUE,0.12
securus,MO,,6801,ST LOUIS COUNTY JAIL,5737513222,TRUE,0.075
securus,MO,,6801,ST LOUIS COUNTY JAIL,3038662471,FALSE,0.075
securus,MO,,6719,ST PETERS POLICE DEPT,3038662471,FALSE,0.12
securus,MO,,6719,ST PETERS POLICE DEPT,5737513222,TRUE,0.12
securus,MS,,7113,ISSAQUENA COUNTY CORRECTIONAL,6013593150,TRUE,0.21
securus,MS,,7113,ISSAQUENA COUNTY CORRECTIONAL,7756845670,FALSE,0.21
securus,MS,,11610,ISSAQUENA COUNTY CORRECTIONAL STATE II,7756845670,FALSE,0.11
securus,MS,,11610,ISSAQUENA COUNTY CORRECTIONAL STATE II,6013593150,TRUE,0.11
securus,MS,,1525,MADISON COUNTY DETENTION CENTER,6013593150,TRUE,0.21
securus,MS,,1525,MADISON COUNTY DETENTION CENTER,7756845670,FALSE,0.21
securus,MS,,7832,WINSTON - CHOCTAW REGIONAL CORRECTIONAL FACILITY,7756845670,FALSE,0.2
securus,MS,,7832,WINSTON - CHOCTAW REGIONAL CORRECTIONAL FACILITY,6013593150,TRUE,0.2
securus,MS,,552,WINSTON - CHOCTAW STATE,6013593150,TRUE,0.11
securus,MS,,552,WINSTON - CHOCTAW STATE,7756845670,FALSE,0.11
securus,MT,,4560,BEAVERHEAD COUNTY JAIL,4064443111,TRUE,0.21
securus,MT,,4560,BEAVERHEAD COUNTY JAIL,6092926000,FALSE,0.21
securus,MT,,5172,CASCADE COUNTY,6092926000,FALSE,0.21
securus,MT,,5172,CASCADE COUNTY,4064443111,TRUE,0.21
securus,MT,,844,CASCADE COUNTY ADULT DETENTION CENTER,4064443111,TRUE,0.21
securus,MT,,844,CASCADE COUNTY ADULT DETENTION CENTER,6092926000,FALSE,0.21
securus,MT,,9230,CHIPPEWA CREE TRIBAL JUSTICE CENTER,6092926000,FALSE,0.09
securus,MT,,9230,CHIPPEWA CREE TRIBAL JUSTICE CENTER,4064443111,TRUE,0.09
securus,MT,,551,HILL COUNTY DETENTION FACILITY,4064443111,TRUE,0.12
securus,MT,,551,HILL COUNTY DETENTION FACILITY,6092926000,FALSE,0.12
securus,MT,,564,LINCOLN COUNTY JAIL,6092926000,FALSE,0.21
securus,MT,,564,LINCOLN COUNTY JAIL,4064443111,TRUE,0.21
securus,NC,,6681,ALBEMARLE DISTRICT JAIL,9198142000,TRUE,0.21
securus,NC,,6681,ALBEMARLE DISTRICT JAIL,2253427015,FALSE,0.21
securus,NC,,1807,AVERY COUNTY SHERIFF'S OFFICE,2253427015,FALSE,0.12
securus,NC,,1807,AVERY COUNTY SHERIFF'S OFFICE,9198142000,TRUE,0.12
securus,NC,,5647,BRUNSWICK COUNTY JAIL,9198142000,TRUE,0.21
securus,NC,,5647,BRUNSWICK COUNTY JAIL,2253427015,FALSE,0.21
securus,NC,,4990,CLEVELAND COUNTY DETENTION FACILITY,2253427015,FALSE,0.2
securus,NC,,4990,CLEVELAND COUNTY DETENTION FACILITY,9198142000,TRUE,0.2
securus,NC,,4991,CLEVELAND COUNTY JAIL ANNEX,9198142000,TRUE,0.2
securus,NC,,4991,CLEVELAND COUNTY JAIL ANNEX,2253427015,FALSE,0.2
securus,NC,,6856,CRAVEN COUNTY JAIL,2253427015,FALSE,0.21
securus,NC,,6856,CRAVEN COUNTY JAIL,9198142000,TRUE,0.21
securus,NC,,7302,DARE COUNTY DETENTION CENTER,9198142000,TRUE,0.21
securus,NC,,7302,DARE COUNTY DETENTION CENTER,2253427015,FALSE,0.21
securus,NC,,4748,HOKE COUNTY DETENTION CENTER,2253427015,FALSE,0.21
securus,NC,,4748,HOKE COUNTY DETENTION CENTER,9198142000,TRUE,0.21
securus,NC,,11530,JOHNSTON COUNTY DETENTION CENTER,9198142000,TRUE,0.15
securus,NC,,11530,JOHNSTON COUNTY DETENTION CENTER,2253427015,FALSE,0.15
securus,NC,,351,JOHNSTON COUNTY JAIL,2253427015,FALSE,0.15
securus,NC,,351,JOHNSTON COUNTY JAIL,9198142000,TRUE,0.15
securus,NC,,1826,MADISON COUNTY DETENTION CENTER,2253427015,FALSE,0.12
securus,NC,,1826,MADISON COUNTY DETENTION CENTER,9198142000,TRUE,0.12
securus,NC,,5385,NEW HANOVER COUNTY DETENTION CENTER,9198142000,TRUE,0.07
securus,NC,,5385,NEW HANOVER COUNTY DETENTION CENTER,2253427015,FALSE,0.07
securus,NC,,1832,ONSLOW COUNTY JAIL,9198142000,TRUE,0.21
securus,NC,,1832,ONSLOW COUNTY JAIL,2253427015,FALSE,0.21
securus,NC,,6947,PAMLICO COUNTY DETENTION FACILITY,9198142000,TRUE,0.21
securus,NC,,6947,PAMLICO COUNTY DETENTION FACILITY,2253427015,FALSE,0.21
securus,NC,,8974,PENDER COUNTY JAIL,2253427015,FALSE,0.12
securus,NC,,8974,PENDER COUNTY JAIL,9198142000,TRUE,0.12
securus,NC,,4362,ROWAN COUNTY DETENTION CENTER,9198142000,TRUE,0.21
securus,NC,,4362,ROWAN COUNTY DETENTION CENTER,2253427015,FALSE,0.21
securus,NC,,9264,ROWAN COUNTY DETENTION CENTER ANNEX,2253427015,FALSE,0.21
securus,NC,,9264,ROWAN COUNTY DETENTION CENTER ANNEX,9198142000,TRUE,0.21
securus,NC,,4531,RUTHERFORD COUNTY DETENTION CENTER,9198142000,TRUE,0.21
securus,NC,,4531,RUTHERFORD COUNTY DETENTION CENTER,2253427015,FALSE,0.21
securus,NC,,7647,STANLY COUNTY JAIL,2253427015,FALSE,0.12
securus,NC,,7647,STANLY COUNTY JAIL,9198142000,TRUE,0.12
securus,ND,,5799,DAKOTA WOMEN'S CORRECTIONAL AND REHABILITATION CENTER,7013282200,TRUE,0.079
securus,ND,,5799,DAKOTA WOMEN'S CORRECTIONAL AND REHABILITATION CENTER,5152815211,FALSE,0.079
securus,ND,,5896,HEART OF AMERICA CORRECTIONAL & TREATMENT CENTER,5152815211,FALSE,0.21
securus,ND,,5896,HEART OF AMERICA CORRECTIONAL & TREATMENT CENTER,7013282200,TRUE,0.21
securus,ND,,11601,ND DOC - BISMARCK TRANSITION CENTER,7013282200,TRUE,0.079
securus,ND,,11601,ND DOC - BISMARCK TRANSITION CENTER,5152815211,FALSE,0.079
securus,ND,,11522,ND DOC - DAKOTA WOMEN'S CORRECTIONAL AND REHABILITATION CENTER,5152815211,FALSE,0.079
securus,ND,,11522,ND DOC - DAKOTA WOMEN'S CORRECTIONAL AND REHABILITATION CENTER,7013282200,TRUE,0.079
securus,ND,,10007,ND DOC - HEART RIVER CORRECTIONAL CENTER,7013282200,TRUE,0.079
securus,ND,,10007,ND DOC - HEART RIVER CORRECTIONAL CENTER,5152815211,FALSE,0.079
securus,ND,,5127,ND DOC - JAMES RIVER CORRECTIONAL CENTER,5152815211,FALSE,0.079
securus,ND,,5127,ND DOC - JAMES RIVER CORRECTIONAL CENTER,7013282200,TRUE,0.079
securus,ND,,7129,ND DOC - JAMES RIVER MINIMUM UNIT,7013282200,TRUE,0.079
securus,ND,,7129,ND DOC - JAMES RIVER MINIMUM UNIT,5152815211,FALSE,0.079
securus,ND,,5128,ND DOC - MISSOURI RIVER CORRECTIONAL CENTER,5152815211,FALSE,0.079
securus,ND,,5128,ND DOC - MISSOURI RIVER CORRECTIONAL CENTER,7013282200,TRUE,0.079
securus,ND,,6124,ND DOC - NORTH DAKOTA STATE HOSPITAL,7013282200,TRUE,0.079
securus,ND,,6124,ND DOC - NORTH DAKOTA STATE HOSPITAL,5152815211,FALSE,0.079
securus,ND,,5126,ND DOC - NORTH DAKOTA STATE PENITENTIARY,7013282200,TRUE,0.079
securus,ND,,5126,ND DOC - NORTH DAKOTA STATE PENITENTIARY,5152815211,FALSE,0.079
securus,ND,,11628,ND DOC - YOUTH CORRECTION CENTER,7013282200,TRUE,0.079
securus,ND,,11628,ND DOC - YOUTH CORRECTION CENTER,5152815211,FALSE,0.079